IndicatorCode,Indicator,ValueType,ParentLocationCode,ParentLocation,Location type,SpatialDimValueCode,Location,Period type,Period,IsLatestYear,Dim1 type,Dim1,Dim1ValueCode,Dim2 type,Dim2,Dim2ValueCode,Dim3 type,Dim3,Dim3ValueCode,DataSourceDimValueCode,DataSource,FactValueNumericPrefix,FactValueNumeric,FactValueUoM,FactValueNumericLowPrefix,FactValueNumericLow,FactValueNumericHighPrefix,FactValueNumericHigh,Value,FactValueTranslationID,FactComments,Language,DateModified
SRH_PREGNANCY_UNINTENDED_RATE,Unintended pregnancy rate (model-estimated),numeric,EMR,Eastern Mediterranean,Country,SOM,Somalia,Year,2015-2019,true,Uncertainty interval,95% uncertainty,UNCERTAINTY_INTERVAL_UI95,,,,,,,,,,99.65,,,65,,160,100 [65-160],,,EN,2023-04-26T04:00:00.000Z
SRH_PREGNANCY_UNINTENDED_RATE,Unintended pregnancy rate (model-estimated),numeric,AFR,Africa,Country,TGO,Togo,Year,2015-2019,true,Uncertainty interval,95% uncertainty,UNCERTAINTY_INTERVAL_UI95,,,,,,,,,,99.96,,,74,,144,100 [74-144],,,EN,2023-04-26T04:00:00.000Z
SRH_PREGNANCY_UNINTENDED_RATE,Unintended pregnancy rate (model-estimated),numeric,EMR,Eastern Mediterranean,Country,SOM,Somalia,Year,2015-2019,true,Uncertainty interval,80% uncertainty,UNCERTAINTY_INTERVAL_UI80,,,,,,,,,,99.65,,,76,,135,100 [76-135],,,EN,2023-04-26T04:00:00.000Z
SRH_PREGNANCY_UNINTENDED_RATE,Unintended pregnancy rate (model-estimated),numeric,AFR,Africa,Country,TGO,Togo,Year,2015-2019,true,Uncertainty interval,80% uncertainty,UNCERTAINTY_INTERVAL_UI80,,,,,,,,,,99.96,,,81,,126,100 [81-126],,,EN,2023-04-26T04:00:00.000Z
SRH_PREGNANCY_UNINTENDED_RATE,Unintended pregnancy rate (model-estimated),numeric,AFR,Africa,Country,CPV,Cabo Verde,Year,2015-2019,true,Uncertainty interval,95% uncertainty,UNCERTAINTY_INTERVAL_UI95,,,,,,,,,,101.8,,,62,,183,102 [62-183],,,EN,2023-04-26T04:00:00.000Z
SRH_PREGNANCY_UNINTENDED_RATE,Unintended pregnancy rate (model-estimated),numeric,AFR,Africa,Country,CPV,Cabo Verde,Year,2015-2019,true,Uncertainty interval,80% uncertainty,UNCERTAINTY_INTERVAL_UI80,,,,,,,,,,101.8,,,73,,149,102 [73-149],,,EN,2023-04-26T04:00:00.000Z
SRH_PREGNANCY_UNINTENDED_RATE,Unintended pregnancy rate (model-estimated),numeric,AFR,Africa,Country,GHA,Ghana,Year,2015-2019,true,Uncertainty interval,95% uncertainty,UNCERTAINTY_INTERVAL_UI95,,,,,,,,,,102,,,78,,146,102 [78-146],,,EN,2023-04-26T04:00:00.000Z
SRH_PREGNANCY_UNINTENDED_RATE,Unintended pregnancy rate (model-estimated),numeric,AFR,Africa,Country,GHA,Ghana,Year,2015-2019,true,Uncertainty interval,80% uncertainty,UNCERTAINTY_INTERVAL_UI80,,,,,,,,,,102,,,85,,128,102 [85-128],,,EN,2023-04-26T04:00:00.000Z
SRH_PREGNANCY_UNINTENDED_RATE,Unintended pregnancy rate (model-estimated),numeric,AFR,Africa,Country,NAM,Namibia,Year,2015-2019,true,Uncertainty interval,95% uncertainty,UNCERTAINTY_INTERVAL_UI95,,,,,,,,,,104.1,,,78,,161,104 [78-161],,,EN,2023-04-26T04:00:00.000Z
SRH_PREGNANCY_UNINTENDED_RATE,Unintended pregnancy rate (model-estimated),numeric,AFR,Africa,Country,NAM,Namibia,Year,2015-2019,true,Uncertainty interval,80% uncertainty,UNCERTAINTY_INTERVAL_UI80,,,,,,,,,,104.1,,,86,,136,104 [86-136],,,EN,2023-04-26T04:00:00.000Z
SRH_PREGNANCY_UNINTENDED_RATE,Unintended pregnancy rate (model-estimated),numeric,AMR,Americas,Country,BOL,Bolivia (Plurinational State of),Year,2015-2019,true,Uncertainty interval,95% uncertainty,UNCERTAINTY_INTERVAL_UI95,,,,,,,,,,104.7,,,73,,158,105 [73-158],,,EN,2023-04-26T04:00:00.000Z
SRH_PREGNANCY_UNINTENDED_RATE,Unintended pregnancy rate (model-estimated),numeric,AMR,Americas,Country,BOL,Bolivia (Plurinational State of),Year,2015-2019,true,Uncertainty interval,80% uncertainty,UNCERTAINTY_INTERVAL_UI80,,,,,,,,,,104.7,,,83,,135,105 [83-135],,,EN,2023-04-26T04:00:00.000Z
SRH_PREGNANCY_UNINTENDED_RATE,Unintended pregnancy rate (model-estimated),numeric,AFR,Africa,Country,TZA,United Republic of Tanzania,Year,2015-2019,true,Uncertainty interval,95% uncertainty,UNCERTAINTY_INTERVAL_UI95,,,,,,,,,,104.7,,,88,,125,105 [88-125],,,EN,2023-04-26T04:00:00.000Z
SRH_PREGNANCY_UNINTENDED_RATE,Unintended pregnancy rate (model-estimated),numeric,AFR,Africa,Country,TZA,United Republic of Tanzania,Year,2015-2019,true,Uncertainty interval,80% uncertainty,UNCERTAINTY_INTERVAL_UI80,,,,,,,,,,104.7,,,93,,117,105 [93-117],,,EN,2023-04-26T04:00:00.000Z
SRH_PREGNANCY_UNINTENDED_RATE,Unintended pregnancy rate (model-estimated),numeric,AFR,Africa,Country,LBR,Liberia,Year,2015-2019,true,Uncertainty interval,95% uncertainty,UNCERTAINTY_INTERVAL_UI95,,,,,,,,,,105.9,,,73,,171,106 [73-171],,,EN,2023-04-26T04:00:00.000Z
SRH_PREGNANCY_UNINTENDED_RATE,Unintended pregnancy rate (model-estimated),numeric,AFR,Africa,Country,COG,Congo,Year,2015-2019,true,Uncertainty interval,95% uncertainty,UNCERTAINTY_INTERVAL_UI95,,,,,,,,,,105.9,,,79,,171,106 [79-171],,,EN,2023-04-26T04:00:00.000Z
SRH_PREGNANCY_UNINTENDED_RATE,Unintended pregnancy rate (model-estimated),numeric,AFR,Africa,Country,LBR,Liberia,Year,2015-2019,true,Uncertainty interval,80% uncertainty,UNCERTAINTY_INTERVAL_UI80,,,,,,,,,,105.9,,,82,,143,106 [82-143],,,EN,2023-04-26T04:00:00.000Z
SRH_PREGNANCY_UNINTENDED_RATE,Unintended pregnancy rate (model-estimated),numeric,AFR,Africa,Country,COG,Congo,Year,2015-2019,true,Uncertainty interval,80% uncertainty,UNCERTAINTY_INTERVAL_UI80,,,,,,,,,,105.9,,,86,,140,106 [86-140],,,EN,2023-04-26T04:00:00.000Z
SRH_PREGNANCY_UNINTENDED_RATE,Unintended pregnancy rate (model-estimated),numeric,AMR,Americas,Country,HTI,Haiti,Year,2015-2019,true,Uncertainty interval,95% uncertainty,UNCERTAINTY_INTERVAL_UI95,,,,,,,,,,107.1,,,76,,160,107 [76-160],,,EN,2023-04-26T04:00:00.000Z
SRH_PREGNANCY_UNINTENDED_RATE,Unintended pregnancy rate (model-estimated),numeric,AMR,Americas,Country,HTI,Haiti,Year,2015-2019,true,Uncertainty interval,80% uncertainty,UNCERTAINTY_INTERVAL_UI80,,,,,,,,,,107.1,,,84,,139,107 [84-139],,,EN,2023-04-26T04:00:00.000Z
SRH_PREGNANCY_UNINTENDED_RATE,Unintended pregnancy rate (model-estimated),numeric,EUR,Europe,Country,MNE,Montenegro,Year,2015-2019,true,Uncertainty interval,95% uncertainty,UNCERTAINTY_INTERVAL_UI95,,,,,,,,,,10.87,,,8,,14,11 [8-14],,,EN,2023-04-26T04:00:00.000Z
SRH_PREGNANCY_UNINTENDED_RATE,Unintended pregnancy rate (model-estimated),numeric,EUR,Europe,Country,MNE,Montenegro,Year,2015-2019,true,Uncertainty interval,80% uncertainty,UNCERTAINTY_INTERVAL_UI80,,,,,,,,,,10.87,,,9,,13,11 [9-13],,,EN,2023-04-26T04:00:00.000Z
SRH_PREGNANCY_UNINTENDED_RATE,Unintended pregnancy rate (model-estimated),numeric,AFR,Africa,Country,SWZ,Eswatini,Year,2015-2019,true,Uncertainty interval,95% uncertainty,UNCERTAINTY_INTERVAL_UI95,,,,,,,,,,111,,,85,,164,111 [85-164],,,EN,2023-04-26T04:00:00.000Z
SRH_PREGNANCY_UNINTENDED_RATE,Unintended pregnancy rate (model-estimated),numeric,AFR,Africa,Country,SWZ,Eswatini,Year,2015-2019,true,Uncertainty interval,80% uncertainty,UNCERTAINTY_INTERVAL_UI80,,,,,,,,,,111,,,92,,139,111 [92-139],,,EN,2023-04-26T04:00:00.000Z
SRH_PREGNANCY_UNINTENDED_RATE,Unintended pregnancy rate (model-estimated),numeric,AFR,Africa,Country,GAB,Gabon,Year,2015-2019,true,Uncertainty interval,95% uncertainty,UNCERTAINTY_INTERVAL_UI95,,,,,,,,,,111.7,,,85,,172,112 [85-172],,,EN,2023-04-26T04:00:00.000Z
SRH_PREGNANCY_UNINTENDED_RATE,Unintended pregnancy rate (model-estimated),numeric,AFR,Africa,Country,GAB,Gabon,Year,2015-2019,true,Uncertainty interval,80% uncertainty,UNCERTAINTY_INTERVAL_UI80,,,,,,,,,,111.7,,,92,,145,112 [92-145],,,EN,2023-04-26T04:00:00.000Z
SRH_PREGNANCY_UNINTENDED_RATE,Unintended pregnancy rate (model-estimated),numeric,AFR,Africa,Country,KEN,Kenya,Year,2015-2019,true,Uncertainty interval,80% uncertainty,UNCERTAINTY_INTERVAL_UI80,,,,,,,,,,112.6,,,101,,127,113 [101-127],,,EN,2023-04-26T04:00:00.000Z
SRH_PREGNANCY_UNINTENDED_RATE,Unintended pregnancy rate (model-estimated),numeric,AFR,Africa,Country,KEN,Kenya,Year,2015-2019,true,Uncertainty interval,95% uncertainty,UNCERTAINTY_INTERVAL_UI95,,,,,,,,,,112.6,,,95,,135,113 [95-135],,,EN,2023-04-26T04:00:00.000Z
SRH_PREGNANCY_UNINTENDED_RATE,Unintended pregnancy rate (model-estimated),numeric,WPR,Western Pacific,Country,SLB,Solomon Islands,Year,2015-2019,true,Uncertainty interval,95% uncertainty,UNCERTAINTY_INTERVAL_UI95,,,,,,,,,,114.2,,,74,,170,114 [74-170],,,EN,2023-04-26T04:00:00.000Z
SRH_PREGNANCY_UNINTENDED_RATE,Unintended pregnancy rate (model-estimated),numeric,WPR,Western Pacific,Country,SLB,Solomon Islands,Year,2015-2019,true,Uncertainty interval,80% uncertainty,UNCERTAINTY_INTERVAL_UI80,,,,,,,,,,114.2,,,85,,151,114 [85-151],,,EN,2023-04-26T04:00:00.000Z
SRH_PREGNANCY_UNINTENDED_RATE,Unintended pregnancy rate (model-estimated),numeric,AFR,Africa,Country,MWI,Malawi,Year,2015-2019,true,Uncertainty interval,95% uncertainty,UNCERTAINTY_INTERVAL_UI95,,,,,,,,,,115,,,102,,131,115 [102-131],,,EN,2023-04-26T04:00:00.000Z
SRH_PREGNANCY_UNINTENDED_RATE,Unintended pregnancy rate (model-estimated),numeric,AFR,Africa,Country,MWI,Malawi,Year,2015-2019,true,Uncertainty interval,80% uncertainty,UNCERTAINTY_INTERVAL_UI80,,,,,,,,,,115,,,106,,125,115 [106-125],,,EN,2023-04-26T04:00:00.000Z
SRH_PREGNANCY_UNINTENDED_RATE,Unintended pregnancy rate (model-estimated),numeric,AFR,Africa,Country,COD,Democratic Republic of the Congo,Year,2015-2019,true,Uncertainty interval,95% uncertainty,UNCERTAINTY_INTERVAL_UI95,,,,,,,,,,117.4,,,89,,151,117 [89-151],,,EN,2023-04-26T04:00:00.000Z
SRH_PREGNANCY_UNINTENDED_RATE,Unintended pregnancy rate (model-estimated),numeric,AFR,Africa,Country,COD,Democratic Republic of the Congo,Year,2015-2019,true,Uncertainty interval,80% uncertainty,UNCERTAINTY_INTERVAL_UI80,,,,,,,,,,117.4,,,98,,139,117 [98-139],,,EN,2023-04-26T04:00:00.000Z
SRH_PREGNANCY_UNINTENDED_RATE,Unintended pregnancy rate (model-estimated),numeric,AFR,Africa,Country,AGO,Angola,Year,2015-2019,true,Uncertainty interval,95% uncertainty,UNCERTAINTY_INTERVAL_UI95,,,,,,,,,,119.9,,,84,,183,120 [84-183],,,EN,2023-04-26T04:00:00.000Z
SRH_PREGNANCY_UNINTENDED_RATE,Unintended pregnancy rate (model-estimated),numeric,AFR,Africa,Country,AGO,Angola,Year,2015-2019,true,Uncertainty interval,80% uncertainty,UNCERTAINTY_INTERVAL_UI80,,,,,,,,,,119.9,,,94,,159,120 [94-159],,,EN,2023-04-26T04:00:00.000Z
SRH_PREGNANCY_UNINTENDED_RATE,Unintended pregnancy rate (model-estimated),numeric,AFR,Africa,Country,ZMB,Zambia,Year,2015-2019,true,Uncertainty interval,80% uncertainty,UNCERTAINTY_INTERVAL_UI80,,,,,,,,,,122.6,,,103,,145,123 [103-145],,,EN,2023-04-26T04:00:00.000Z
SRH_PREGNANCY_UNINTENDED_RATE,Unintended pregnancy rate (model-estimated),numeric,AFR,Africa,Country,ZMB,Zambia,Year,2015-2019,true,Uncertainty interval,95% uncertainty,UNCERTAINTY_INTERVAL_UI95,,,,,,,,,,122.6,,,94,,159,123 [94-159],,,EN,2023-04-26T04:00:00.000Z
SRH_PREGNANCY_UNINTENDED_RATE,Unintended pregnancy rate (model-estimated),numeric,AFR,Africa,Country,STP,Sao Tome and Principe,Year,2015-2019,true,Uncertainty interval,80% uncertainty,UNCERTAINTY_INTERVAL_UI80,,,,,,,,,,130.4,,,105,,170,130 [105-170],,,EN,2023-04-26T04:00:00.000Z
SRH_PREGNANCY_UNINTENDED_RATE,Unintended pregnancy rate (model-estimated),numeric,AFR,Africa,Country,STP,Sao Tome and Principe,Year,2015-2019,true,Uncertainty interval,95% uncertainty,UNCERTAINTY_INTERVAL_UI95,,,,,,,,,,130.4,,,93,,200,130 [93-200],,,EN,2023-04-26T04:00:00.000Z
SRH_PREGNANCY_UNINTENDED_RATE,Unintended pregnancy rate (model-estimated),numeric,AFR,Africa,Country,UGA,Uganda,Year,2015-2019,true,Uncertainty interval,95% uncertainty,UNCERTAINTY_INTERVAL_UI95,,,,,,,,,,144.6,,,123,,169,145 [123-169],,,EN,2023-04-26T04:00:00.000Z
SRH_PREGNANCY_UNINTENDED_RATE,Unintended pregnancy rate (model-estimated),numeric,AFR,Africa,Country,UGA,Uganda,Year,2015-2019,true,Uncertainty interval,80% uncertainty,UNCERTAINTY_INTERVAL_UI80,,,,,,,,,,144.6,,,131,,159,145 [131-159],,,EN,2023-04-26T04:00:00.000Z
SRH_PREGNANCY_UNINTENDED_RATE,Unintended pregnancy rate (model-estimated),numeric,EUR,Europe,Country,ALB,Albania,Year,2015-2019,true,Uncertainty interval,95% uncertainty,UNCERTAINTY_INTERVAL_UI95,,,,,,,,,,15.96,,,11,,25,16 [11-25],,,EN,2023-04-26T04:00:00.000Z
SRH_PREGNANCY_UNINTENDED_RATE,Unintended pregnancy rate (model-estimated),numeric,EUR,Europe,Country,ALB,Albania,Year,2015-2019,true,Uncertainty interval,80% uncertainty,UNCERTAINTY_INTERVAL_UI80,,,,,,,,,,15.96,,,13,,21,16 [13-21],,,EN,2023-04-26T04:00:00.000Z
SRH_PREGNANCY_UNINTENDED_RATE,Unintended pregnancy rate (model-estimated),numeric,EUR,Europe,Country,NLD,Netherlands (Kingdom of the),Year,2015-2019,true,Uncertainty interval,95% uncertainty,UNCERTAINTY_INTERVAL_UI95,,,,,,,,,,17.53,,,14,,24,18 [14-24],,,EN,2023-04-26T04:00:00.000Z
SRH_PREGNANCY_UNINTENDED_RATE,Unintended pregnancy rate (model-estimated),numeric,EUR,Europe,Country,NLD,Netherlands (Kingdom of the),Year,2015-2019,true,Uncertainty interval,80% uncertainty,UNCERTAINTY_INTERVAL_UI80,,,,,,,,,,17.53,,,15,,21,18 [15-21],,,EN,2023-04-26T04:00:00.000Z
SRH_PREGNANCY_UNINTENDED_RATE,Unintended pregnancy rate (model-estimated),numeric,WPR,Western Pacific,Country,SGP,Singapore,Year,2015-2019,true,Uncertainty interval,95% uncertainty,UNCERTAINTY_INTERVAL_UI95,,,,,,,,,,18.83,,,14,,28,19 [14-28],,,EN,2023-04-26T04:00:00.000Z
SRH_PREGNANCY_UNINTENDED_RATE,Unintended pregnancy rate (model-estimated),numeric,WPR,Western Pacific,Country,SGP,Singapore,Year,2015-2019,true,Uncertainty interval,80% uncertainty,UNCERTAINTY_INTERVAL_UI80,,,,,,,,,,18.83,,,15,,25,19 [15-25],,,EN,2023-04-26T04:00:00.000Z
SRH_PREGNANCY_UNINTENDED_RATE,Unintended pregnancy rate (model-estimated),numeric,EUR,Europe,Country,BLR,Belarus,Year,2015-2019,true,Uncertainty interval,80% uncertainty,UNCERTAINTY_INTERVAL_UI80,,,,,,,,,,18.72,,,17,,21,19 [17-21],,,EN,2023-04-26T04:00:00.000Z
SRH_PREGNANCY_UNINTENDED_RATE,Unintended pregnancy rate (model-estimated),numeric,EUR,Europe,Country,BLR,Belarus,Year,2015-2019,true,Uncertainty interval,95% uncertainty,UNCERTAINTY_INTERVAL_UI95,,,,,,,,,,18.72,,,17,,22,19 [17-22],,,EN,2023-04-26T04:00:00.000Z
SRH_PREGNANCY_UNINTENDED_RATE,Unintended pregnancy rate (model-estimated),numeric,EUR,Europe,Country,BIH,Bosnia and Herzegovina,Year,2015-2019,true,Uncertainty interval,95% uncertainty,UNCERTAINTY_INTERVAL_UI95,,,,,,,,,,19.98,,,12,,36,20 [12-36],,,EN,2023-04-26T04:00:00.000Z
SRH_PREGNANCY_UNINTENDED_RATE,Unintended pregnancy rate (model-estimated),numeric,EUR,Europe,Country,BIH,Bosnia and Herzegovina,Year,2015-2019,true,Uncertainty interval,80% uncertainty,UNCERTAINTY_INTERVAL_UI80,,,,,,,,,,19.98,,,14,,29,20 [14-29],,,EN,2023-04-26T04:00:00.000Z
SRH_PREGNANCY_UNINTENDED_RATE,Unintended pregnancy rate (model-estimated),numeric,EUR,Europe,Country,ESP,Spain,Year,2015-2019,true,Uncertainty interval,95% uncertainty,UNCERTAINTY_INTERVAL_UI95,,,,,,,,,,20.26,,,17,,26,20 [17-26],,,EN,2023-04-26T04:00:00.000Z
SRH_PREGNANCY_UNINTENDED_RATE,Unintended pregnancy rate (model-estimated),numeric,EUR,Europe,Country,CHE,Switzerland,Year,2015-2019,true,Uncertainty interval,95% uncertainty,UNCERTAINTY_INTERVAL_UI95,,,,,,,,,,20.31,,,17,,27,20 [17-27],,,EN,2023-04-26T04:00:00.000Z
SRH_PREGNANCY_UNINTENDED_RATE,Unintended pregnancy rate (model-estimated),numeric,EUR,Europe,Country,ESP,Spain,Year,2015-2019,true,Uncertainty interval,80% uncertainty,UNCERTAINTY_INTERVAL_UI80,,,,,,,,,,20.26,,,18,,23,20 [18-23],,,EN,2023-04-26T04:00:00.000Z
SRH_PREGNANCY_UNINTENDED_RATE,Unintended pregnancy rate (model-estimated),numeric,EUR,Europe,Country,CHE,Switzerland,Year,2015-2019,true,Uncertainty interval,80% uncertainty,UNCERTAINTY_INTERVAL_UI80,,,,,,,,,,20.31,,,18,,24,20 [18-24],,,EN,2023-04-26T04:00:00.000Z
SRH_PREGNANCY_UNINTENDED_RATE,Unintended pregnancy rate (model-estimated),numeric,WPR,Western Pacific,Country,JPN,Japan,Year,2015-2019,true,Uncertainty interval,95% uncertainty,UNCERTAINTY_INTERVAL_UI95,,,,,,,,,,21.35,,,15,,31,21 [15-31],,,EN,2023-04-26T04:00:00.000Z
SRH_PREGNANCY_UNINTENDED_RATE,Unintended pregnancy rate (model-estimated),numeric,EUR,Europe,Country,BEL,Belgium,Year,2015-2019,true,Uncertainty interval,95% uncertainty,UNCERTAINTY_INTERVAL_UI95,,,,,,,,,,20.95,,,16,,29,21 [16-29],,,EN,2023-04-26T04:00:00.000Z
SRH_PREGNANCY_UNINTENDED_RATE,Unintended pregnancy rate (model-estimated),numeric,EUR,Europe,Country,SRB,Serbia,Year,2015-2019,true,Uncertainty interval,95% uncertainty,UNCERTAINTY_INTERVAL_UI95,,,,,,,,,,20.96,,,16,,31,21 [16-31],,,EN,2023-04-26T04:00:00.000Z
SRH_PREGNANCY_UNINTENDED_RATE,Unintended pregnancy rate (model-estimated),numeric,EUR,Europe,Country,BEL,Belgium,Year,2015-2019,true,Uncertainty interval,80% uncertainty,UNCERTAINTY_INTERVAL_UI80,,,,,,,,,,20.95,,,17,,26,21 [17-26],,,EN,2023-04-26T04:00:00.000Z
SRH_PREGNANCY_UNINTENDED_RATE,Unintended pregnancy rate (model-estimated),numeric,WPR,Western Pacific,Country,JPN,Japan,Year,2015-2019,true,Uncertainty interval,80% uncertainty,UNCERTAINTY_INTERVAL_UI80,,,,,,,,,,21.35,,,17,,27,21 [17-27],,,EN,2023-04-26T04:00:00.000Z
SRH_PREGNANCY_UNINTENDED_RATE,Unintended pregnancy rate (model-estimated),numeric,EUR,Europe,Country,SRB,Serbia,Year,2015-2019,true,Uncertainty interval,80% uncertainty,UNCERTAINTY_INTERVAL_UI80,,,,,,,,,,20.96,,,17,,27,21 [17-27],,,EN,2023-04-26T04:00:00.000Z
SRH_PREGNANCY_UNINTENDED_RATE,Unintended pregnancy rate (model-estimated),numeric,EUR,Europe,Country,PRT,Portugal,Year,2015-2019,true,Uncertainty interval,95% uncertainty,UNCERTAINTY_INTERVAL_UI95,,,,,,,,,,20.9,,,18,,25,21 [18-25],,,EN,2023-04-26T04:00:00.000Z
SRH_PREGNANCY_UNINTENDED_RATE,Unintended pregnancy rate (model-estimated),numeric,EUR,Europe,Country,PRT,Portugal,Year,2015-2019,true,Uncertainty interval,80% uncertainty,UNCERTAINTY_INTERVAL_UI80,,,,,,,,,,20.9,,,19,,23,21 [19-23],,,EN,2023-04-26T04:00:00.000Z
SRH_PREGNANCY_UNINTENDED_RATE,Unintended pregnancy rate (model-estimated),numeric,EUR,Europe,Country,DEU,Germany,Year,2015-2019,true,Uncertainty interval,80% uncertainty,UNCERTAINTY_INTERVAL_UI80,,,,,,,,,,21.29,,,19,,24,21 [19-24],,,EN,2023-04-26T04:00:00.000Z
SRH_PREGNANCY_UNINTENDED_RATE,Unintended pregnancy rate (model-estimated),numeric,EUR,Europe,Country,DEU,Germany,Year,2015-2019,true,Uncertainty interval,95% uncertainty,UNCERTAINTY_INTERVAL_UI95,,,,,,,,,,21.29,,,19,,27,21 [19-27],,,EN,2023-04-26T04:00:00.000Z
SRH_PREGNANCY_UNINTENDED_RATE,Unintended pregnancy rate (model-estimated),numeric,EUR,Europe,Country,TKM,Turkmenistan,Year,2015-2019,true,Uncertainty interval,95% uncertainty,UNCERTAINTY_INTERVAL_UI95,,,,,,,,,,22.83,,,13,,40,23 [13-40],,,EN,2023-04-26T04:00:00.000Z
SRH_PREGNANCY_UNINTENDED_RATE,Unintended pregnancy rate (model-estimated),numeric,EUR,Europe,Country,TKM,Turkmenistan,Year,2015-2019,true,Uncertainty interval,80% uncertainty,UNCERTAINTY_INTERVAL_UI80,,,,,,,,,,22.83,,,16,,33,23 [16-33],,,EN,2023-04-26T04:00:00.000Z
SRH_PREGNANCY_UNINTENDED_RATE,Unintended pregnancy rate (model-estimated),numeric,EUR,Europe,Country,MKD,North Macedonia,Year,2015-2019,true,Uncertainty interval,95% uncertainty,UNCERTAINTY_INTERVAL_UI95,,,,,,,,,,23.17,,,16,,38,23 [16-38],,,EN,2023-04-26T04:00:00.000Z
SRH_PREGNANCY_UNINTENDED_RATE,Unintended pregnancy rate (model-estimated),numeric,EUR,Europe,Country,MKD,North Macedonia,Year,2015-2019,true,Uncertainty interval,80% uncertainty,UNCERTAINTY_INTERVAL_UI80,,,,,,,,,,23.17,,,18,,31,23 [18-31],,,EN,2023-04-26T04:00:00.000Z
SRH_PREGNANCY_UNINTENDED_RATE,Unintended pregnancy rate (model-estimated),numeric,EUR,Europe,Country,MDA,Republic of Moldova,Year,2015-2019,true,Uncertainty interval,95% uncertainty,UNCERTAINTY_INTERVAL_UI95,,,,,,,,,,26.18,,,18,,45,26 [18-45],,,EN,2023-04-26T04:00:00.000Z
SRH_PREGNANCY_UNINTENDED_RATE,Unintended pregnancy rate (model-estimated),numeric,EUR,Europe,Country,LTU,Lithuania,Year,2015-2019,true,Uncertainty interval,95% uncertainty,UNCERTAINTY_INTERVAL_UI95,,,,,,,,,,25.6,,,19,,39,26 [19-39],,,EN,2023-04-26T04:00:00.000Z
SRH_PREGNANCY_UNINTENDED_RATE,Unintended pregnancy rate (model-estimated),numeric,EUR,Europe,Country,MDA,Republic of Moldova,Year,2015-2019,true,Uncertainty interval,80% uncertainty,UNCERTAINTY_INTERVAL_UI80,,,,,,,,,,26.18,,,20,,37,26 [20-37],,,EN,2023-04-26T04:00:00.000Z
SRH_PREGNANCY_UNINTENDED_RATE,Unintended pregnancy rate (model-estimated),numeric,EUR,Europe,Country,LTU,Lithuania,Year,2015-2019,true,Uncertainty interval,80% uncertainty,UNCERTAINTY_INTERVAL_UI80,,,,,,,,,,25.6,,,21,,34,26 [21-34],,,EN,2023-04-26T04:00:00.000Z
SRH_PREGNANCY_UNINTENDED_RATE,Unintended pregnancy rate (model-estimated),numeric,EUR,Europe,Country,UKR,Ukraine,Year,2015-2019,true,Uncertainty interval,95% uncertainty,UNCERTAINTY_INTERVAL_UI95,,,,,,,,,,27.12,,,20,,46,27 [20-46],,,EN,2023-04-26T04:00:00.000Z
SRH_PREGNANCY_UNINTENDED_RATE,Unintended pregnancy rate (model-estimated),numeric,EUR,Europe,Country,HUN,Hungary,Year,2015-2019,true,Uncertainty interval,95% uncertainty,UNCERTAINTY_INTERVAL_UI95,,,,,,,,,,27.32,,,22,,38,27 [22-38],,,EN,2023-04-26T04:00:00.000Z
SRH_PREGNANCY_UNINTENDED_RATE,Unintended pregnancy rate (model-estimated),numeric,EUR,Europe,Country,UKR,Ukraine,Year,2015-2019,true,Uncertainty interval,80% uncertainty,UNCERTAINTY_INTERVAL_UI80,,,,,,,,,,27.12,,,22,,38,27 [22-38],,,EN,2023-04-26T04:00:00.000Z
SRH_PREGNANCY_UNINTENDED_RATE,Unintended pregnancy rate (model-estimated),numeric,EUR,Europe,Country,HUN,Hungary,Year,2015-2019,true,Uncertainty interval,80% uncertainty,UNCERTAINTY_INTERVAL_UI80,,,,,,,,,,27.32,,,23,,33,27 [23-33],,,EN,2023-04-26T04:00:00.000Z
SRH_PREGNANCY_UNINTENDED_RATE,Unintended pregnancy rate (model-estimated),numeric,EUR,Europe,Country,SVK,Slovakia,Year,2015-2019,true,Uncertainty interval,95% uncertainty,UNCERTAINTY_INTERVAL_UI95,,,,,,,,,,27.26,,,23,,36,27 [23-36],,,EN,2023-04-26T04:00:00.000Z
SRH_PREGNANCY_UNINTENDED_RATE,Unintended pregnancy rate (model-estimated),numeric,EUR,Europe,Country,SVK,Slovakia,Year,2015-2019,true,Uncertainty interval,80% uncertainty,UNCERTAINTY_INTERVAL_UI80,,,,,,,,,,27.26,,,24,,32,27 [24-32],,,EN,2023-04-26T04:00:00.000Z
SRH_PREGNANCY_UNINTENDED_RATE,Unintended pregnancy rate (model-estimated),numeric,EUR,Europe,Country,ITA,Italy,Year,2015-2019,true,Uncertainty interval,95% uncertainty,UNCERTAINTY_INTERVAL_UI95,,,,,,,,,,28.32,,,19,,45,28 [19-45],,,EN,2023-04-26T04:00:00.000Z
SRH_PREGNANCY_UNINTENDED_RATE,Unintended pregnancy rate (model-estimated),numeric,EUR,Europe,Country,ITA,Italy,Year,2015-2019,true,Uncertainty interval,80% uncertainty,UNCERTAINTY_INTERVAL_UI80,,,,,,,,,,28.32,,,22,,38,28 [22-38],,,EN,2023-04-26T04:00:00.000Z
SRH_PREGNANCY_UNINTENDED_RATE,Unintended pregnancy rate (model-estimated),numeric,EUR,Europe,Country,UZB,Uzbekistan,Year,2015-2019,true,Uncertainty interval,95% uncertainty,UNCERTAINTY_INTERVAL_UI95,,,,,,,,,,28.58,,,17,,54,29 [17-54],,,EN,2023-04-26T04:00:00.000Z
SRH_PREGNANCY_UNINTENDED_RATE,Unintended pregnancy rate (model-estimated),numeric,EUR,Europe,Country,UZB,Uzbekistan,Year,2015-2019,true,Uncertainty interval,80% uncertainty,UNCERTAINTY_INTERVAL_UI80,,,,,,,,,,28.58,,,20,,43,29 [20-43],,,EN,2023-04-26T04:00:00.000Z
SRH_PREGNANCY_UNINTENDED_RATE,Unintended pregnancy rate (model-estimated),numeric,EUR,Europe,Country,POL,Poland,Year,2015-2019,true,Uncertainty interval,95% uncertainty,UNCERTAINTY_INTERVAL_UI95,,,,,,,,,,28.67,,,22,,43,29 [22-43],,,EN,2023-04-26T04:00:00.000Z
SRH_PREGNANCY_UNINTENDED_RATE,Unintended pregnancy rate (model-estimated),numeric,EUR,Europe,Country,FRA,France,Year,2015-2019,true,Uncertainty interval,95% uncertainty,UNCERTAINTY_INTERVAL_UI95,,,,,,,,,,28.98,,,24,,37,29 [24-37],,,EN,2023-04-26T04:00:00.000Z
SRH_PREGNANCY_UNINTENDED_RATE,Unintended pregnancy rate (model-estimated),numeric,EUR,Europe,Country,POL,Poland,Year,2015-2019,true,Uncertainty interval,80% uncertainty,UNCERTAINTY_INTERVAL_UI80,,,,,,,,,,28.67,,,24,,37,29 [24-37],,,EN,2023-04-26T04:00:00.000Z
SRH_PREGNANCY_UNINTENDED_RATE,Unintended pregnancy rate (model-estimated),numeric,EUR,Europe,Country,BGR,Bulgaria,Year,2015-2019,true,Uncertainty interval,95% uncertainty,UNCERTAINTY_INTERVAL_UI95,,,,,,,,,,28.58,,,24,,39,29 [24-39],,,EN,2023-04-26T04:00:00.000Z
SRH_PREGNANCY_UNINTENDED_RATE,Unintended pregnancy rate (model-estimated),numeric,EUR,Europe,Country,BGR,Bulgaria,Year,2015-2019,true,Uncertainty interval,80% uncertainty,UNCERTAINTY_INTERVAL_UI80,,,,,,,,,,28.58,,,25,,34,29 [25-34],,,EN,2023-04-26T04:00:00.000Z
SRH_PREGNANCY_UNINTENDED_RATE,Unintended pregnancy rate (model-estimated),numeric,EUR,Europe,Country,FRA,France,Year,2015-2019,true,Uncertainty interval,80% uncertainty,UNCERTAINTY_INTERVAL_UI80,,,,,,,,,,28.98,,,26,,34,29 [26-34],,,EN,2023-04-26T04:00:00.000Z
SRH_PREGNANCY_UNINTENDED_RATE,Unintended pregnancy rate (model-estimated),numeric,EUR,Europe,Country,DNK,Denmark,Year,2015-2019,true,Uncertainty interval,95% uncertainty,UNCERTAINTY_INTERVAL_UI95,,,,,,,,,,29.8,,,25,,41,30 [25-41],,,EN,2023-04-26T04:00:00.000Z
SRH_PREGNANCY_UNINTENDED_RATE,Unintended pregnancy rate (model-estimated),numeric,EUR,Europe,Country,DNK,Denmark,Year,2015-2019,true,Uncertainty interval,80% uncertainty,UNCERTAINTY_INTERVAL_UI80,,,,,,,,,,29.8,,,26,,36,30 [26-36],,,EN,2023-04-26T04:00:00.000Z
SRH_PREGNANCY_UNINTENDED_RATE,Unintended pregnancy rate (model-estimated),numeric,AMR,Americas,Country,CAN,Canada,Year,2015-2019,true,Uncertainty interval,95% uncertainty,UNCERTAINTY_INTERVAL_UI95,,,,,,,,,,31.46,,,27,,37,31 [27-37],,,EN,2023-04-26T04:00:00.000Z
SRH_PREGNANCY_UNINTENDED_RATE,Unintended pregnancy rate (model-estimated),numeric,WPR,Western Pacific,Country,MNG,Mongolia,Year,2015-2019,true,Uncertainty interval,95% uncertainty,UNCERTAINTY_INTERVAL_UI95,,,,,,,,,,31.39,,,27,,37,31 [27-37],,,EN,2023-04-26T04:00:00.000Z
SRH_PREGNANCY_UNINTENDED_RATE,Unintended pregnancy rate (model-estimated),numeric,AMR,Americas,Country,CAN,Canada,Year,2015-2019,true,Uncertainty interval,80% uncertainty,UNCERTAINTY_INTERVAL_UI80,,,,,,,,,,31.46,,,28,,35,31 [28-35],,,EN,2023-04-26T04:00:00.000Z
SRH_PREGNANCY_UNINTENDED_RATE,Unintended pregnancy rate (model-estimated),numeric,WPR,Western Pacific,Country,MNG,Mongolia,Year,2015-2019,true,Uncertainty interval,80% uncertainty,UNCERTAINTY_INTERVAL_UI80,,,,,,,,,,31.39,,,28,,35,31 [28-35],,,EN,2023-04-26T04:00:00.000Z
SRH_PREGNANCY_UNINTENDED_RATE,Unintended pregnancy rate (model-estimated),numeric,EUR,Europe,Country,GRC,Greece,Year,2015-2019,true,Uncertainty interval,95% uncertainty,UNCERTAINTY_INTERVAL_UI95,,,,,,,,,,32.97,,,23,,54,33 [23-54],,,EN,2023-04-26T04:00:00.000Z
SRH_PREGNANCY_UNINTENDED_RATE,Unintended pregnancy rate (model-estimated),numeric,EUR,Europe,Country,HRV,Croatia,Year,2015-2019,true,Uncertainty interval,95% uncertainty,UNCERTAINTY_INTERVAL_UI95,,,,,,,,,,33.49,,,25,,50,33 [25-50],,,EN,2023-04-26T04:00:00.000Z
SRH_PREGNANCY_UNINTENDED_RATE,Unintended pregnancy rate (model-estimated),numeric,EUR,Europe,Country,SVN,Slovenia,Year,2015-2019,true,Uncertainty interval,95% uncertainty,UNCERTAINTY_INTERVAL_UI95,,,,,,,,,,33.2,,,26,,43,33 [26-43],,,EN,2023-04-26T04:00:00.000Z
SRH_PREGNANCY_UNINTENDED_RATE,Unintended pregnancy rate (model-estimated),numeric,EUR,Europe,Country,GRC,Greece,Year,2015-2019,true,Uncertainty interval,80% uncertainty,UNCERTAINTY_INTERVAL_UI80,,,,,,,,,,32.97,,,26,,44,33 [26-44],,,EN,2023-04-26T04:00:00.000Z
SRH_PREGNANCY_UNINTENDED_RATE,Unintended pregnancy rate (model-estimated),numeric,EUR,Europe,Country,HRV,Croatia,Year,2015-2019,true,Uncertainty interval,80% uncertainty,UNCERTAINTY_INTERVAL_UI80,,,,,,,,,,33.49,,,27,,43,33 [27-43],,,EN,2023-04-26T04:00:00.000Z
SRH_PREGNANCY_UNINTENDED_RATE,Unintended pregnancy rate (model-estimated),numeric,EUR,Europe,Country,SVN,Slovenia,Year,2015-2019,true,Uncertainty interval,80% uncertainty,UNCERTAINTY_INTERVAL_UI80,,,,,,,,,,33.2,,,28,,39,33 [28-39],,,EN,2023-04-26T04:00:00.000Z
SRH_PREGNANCY_UNINTENDED_RATE,Unintended pregnancy rate (model-estimated),numeric,EUR,Europe,Country,ISL,Iceland,Year,2015-2019,true,Uncertainty interval,95% uncertainty,UNCERTAINTY_INTERVAL_UI95,,,,,,,,,,32.55,,,28,,40,33 [28-40],,,EN,2023-04-26T04:00:00.000Z
SRH_PREGNANCY_UNINTENDED_RATE,Unintended pregnancy rate (model-estimated),numeric,EUR,Europe,Country,ISL,Iceland,Year,2015-2019,true,Uncertainty interval,80% uncertainty,UNCERTAINTY_INTERVAL_UI80,,,,,,,,,,32.55,,,29,,37,33 [29-37],,,EN,2023-04-26T04:00:00.000Z
SRH_PREGNANCY_UNINTENDED_RATE,Unintended pregnancy rate (model-estimated),numeric,EUR,Europe,Country,FIN,Finland,Year,2015-2019,true,Uncertainty interval,95% uncertainty,UNCERTAINTY_INTERVAL_UI95,,,,,,,,,,32.56,,,29,,40,33 [29-40],,,EN,2023-04-26T04:00:00.000Z
SRH_PREGNANCY_UNINTENDED_RATE,Unintended pregnancy rate (model-estimated),numeric,EUR,Europe,Country,FIN,Finland,Year,2015-2019,true,Uncertainty interval,80% uncertainty,UNCERTAINTY_INTERVAL_UI80,,,,,,,,,,32.56,,,30,,37,33 [30-37],,,EN,2023-04-26T04:00:00.000Z
SRH_PREGNANCY_UNINTENDED_RATE,Unintended pregnancy rate (model-estimated),numeric,EUR,Europe,Country,LVA,Latvia,Year,2015-2019,true,Uncertainty interval,95% uncertainty,UNCERTAINTY_INTERVAL_UI95,,,,,,,,,,33.84,,,25,,45,34 [25-45],,,EN,2023-04-26T04:00:00.000Z
SRH_PREGNANCY_UNINTENDED_RATE,Unintended pregnancy rate (model-estimated),numeric,EUR,Europe,Country,NOR,Norway,Year,2015-2019,true,Uncertainty interval,95% uncertainty,UNCERTAINTY_INTERVAL_UI95,,,,,,,,,,34.17,,,25,,47,34 [25-47],,,EN,2023-04-26T04:00:00.000Z
SRH_PREGNANCY_UNINTENDED_RATE,Unintended pregnancy rate (model-estimated),numeric,EUR,Europe,Country,NOR,Norway,Year,2015-2019,true,Uncertainty interval,80% uncertainty,UNCERTAINTY_INTERVAL_UI80,,,,,,,,,,34.17,,,26,,41,34 [26-41],,,EN,2023-04-26T04:00:00.000Z
SRH_PREGNANCY_UNINTENDED_RATE,Unintended pregnancy rate (model-estimated),numeric,EUR,Europe,Country,LVA,Latvia,Year,2015-2019,true,Uncertainty interval,80% uncertainty,UNCERTAINTY_INTERVAL_UI80,,,,,,,,,,33.84,,,28,,41,34 [28-41],,,EN,2023-04-26T04:00:00.000Z
SRH_PREGNANCY_UNINTENDED_RATE,Unintended pregnancy rate (model-estimated),numeric,SEAR,South-East Asia,Country,MMR,Myanmar,Year,2015-2019,true,Uncertainty interval,95% uncertainty,UNCERTAINTY_INTERVAL_UI95,,,,,,,,,,35.47,,,18,,67,35 [18-67],,,EN,2023-04-26T04:00:00.000Z
SRH_PREGNANCY_UNINTENDED_RATE,Unintended pregnancy rate (model-estimated),numeric,SEAR,South-East Asia,Country,MMR,Myanmar,Year,2015-2019,true,Uncertainty interval,80% uncertainty,UNCERTAINTY_INTERVAL_UI80,,,,,,,,,,35.47,,,22,,55,35 [22-55],,,EN,2023-04-26T04:00:00.000Z
SRH_PREGNANCY_UNINTENDED_RATE,Unintended pregnancy rate (model-estimated),numeric,WPR,Western Pacific,Country,KOR,Republic of Korea,Year,2015-2019,true,Uncertainty interval,95% uncertainty,UNCERTAINTY_INTERVAL_UI95,,,,,,,,,,34.54,,,25,,56,35 [25-56],,,EN,2023-04-26T04:00:00.000Z
SRH_PREGNANCY_UNINTENDED_RATE,Unintended pregnancy rate (model-estimated),numeric,EUR,Europe,Country,CZE,Czechia,Year,2015-2019,true,Uncertainty interval,95% uncertainty,UNCERTAINTY_INTERVAL_UI95,,,,,,,,,,34.92,,,28,,44,35 [28-44],,,EN,2023-04-26T04:00:00.000Z
SRH_PREGNANCY_UNINTENDED_RATE,Unintended pregnancy rate (model-estimated),numeric,WPR,Western Pacific,Country,KOR,Republic of Korea,Year,2015-2019,true,Uncertainty interval,80% uncertainty,UNCERTAINTY_INTERVAL_UI80,,,,,,,,,,34.54,,,28,,46,35 [28-46],,,EN,2023-04-26T04:00:00.000Z
SRH_PREGNANCY_UNINTENDED_RATE,Unintended pregnancy rate (model-estimated),numeric,EUR,Europe,Country,CZE,Czechia,Year,2015-2019,true,Uncertainty interval,80% uncertainty,UNCERTAINTY_INTERVAL_UI80,,,,,,,,,,34.92,,,30,,40,35 [30-40],,,EN,2023-04-26T04:00:00.000Z
SRH_PREGNANCY_UNINTENDED_RATE,Unintended pregnancy rate (model-estimated),numeric,AMR,Americas,Country,USA,United States of America,Year,2015-2019,true,Uncertainty interval,95% uncertainty,UNCERTAINTY_INTERVAL_UI95,,,,,,,,,,34.74,,,31,,39,35 [31-39],,,EN,2023-04-26T04:00:00.000Z
SRH_PREGNANCY_UNINTENDED_RATE,Unintended pregnancy rate (model-estimated),numeric,AMR,Americas,Country,USA,United States of America,Year,2015-2019,true,Uncertainty interval,80% uncertainty,UNCERTAINTY_INTERVAL_UI80,,,,,,,,,,34.74,,,32,,38,35 [32-38],,,EN,2023-04-26T04:00:00.000Z
SRH_PREGNANCY_UNINTENDED_RATE,Unintended pregnancy rate (model-estimated),numeric,EUR,Europe,Country,SWE,Sweden,Year,2015-2019,true,Uncertainty interval,95% uncertainty,UNCERTAINTY_INTERVAL_UI95,,,,,,,,,,35.78,,,29,,44,36 [29-44],,,EN,2023-04-26T04:00:00.000Z
SRH_PREGNANCY_UNINTENDED_RATE,Unintended pregnancy rate (model-estimated),numeric,EUR,Europe,Country,SWE,Sweden,Year,2015-2019,true,Uncertainty interval,80% uncertainty,UNCERTAINTY_INTERVAL_UI80,,,,,,,,,,35.78,,,31,,41,36 [31-41],,,EN,2023-04-26T04:00:00.000Z
SRH_PREGNANCY_UNINTENDED_RATE,Unintended pregnancy rate (model-estimated),numeric,EUR,Europe,Country,GBR,United Kingdom of Great Britain and Northern Ireland,Year,2015-2019,true,Uncertainty interval,95% uncertainty,UNCERTAINTY_INTERVAL_UI95,,,,,,,,,,36.17,,,32,,42,36 [32-42],,,EN,2023-04-26T04:00:00.000Z
SRH_PREGNANCY_UNINTENDED_RATE,Unintended pregnancy rate (model-estimated),numeric,EUR,Europe,Country,GBR,United Kingdom of Great Britain and Northern Ireland,Year,2015-2019,true,Uncertainty interval,80% uncertainty,UNCERTAINTY_INTERVAL_UI80,,,,,,,,,,36.17,,,33,,40,36 [33-40],,,EN,2023-04-26T04:00:00.000Z
SRH_PREGNANCY_UNINTENDED_RATE,Unintended pregnancy rate (model-estimated),numeric,EUR,Europe,Country,TJK,Tajikistan,Year,2015-2019,true,Uncertainty interval,95% uncertainty,UNCERTAINTY_INTERVAL_UI95,,,,,,,,,,36.88,,,23,,74,37 [23-74],,,EN,2023-04-26T04:00:00.000Z
SRH_PREGNANCY_UNINTENDED_RATE,Unintended pregnancy rate (model-estimated),numeric,EUR,Europe,Country,TJK,Tajikistan,Year,2015-2019,true,Uncertainty interval,80% uncertainty,UNCERTAINTY_INTERVAL_UI80,,,,,,,,,,36.88,,,27,,57,37 [27-57],,,EN,2023-04-26T04:00:00.000Z
SRH_PREGNANCY_UNINTENDED_RATE,Unintended pregnancy rate (model-estimated),numeric,WPR,Western Pacific,Country,AUS,Australia,Year,2015-2019,true,Uncertainty interval,95% uncertainty,UNCERTAINTY_INTERVAL_UI95,,,,,,,,,,37.42,,,28,,49,37 [28-49],,,EN,2023-04-26T04:00:00.000Z
SRH_PREGNANCY_UNINTENDED_RATE,Unintended pregnancy rate (model-estimated),numeric,WPR,Western Pacific,Country,AUS,Australia,Year,2015-2019,true,Uncertainty interval,80% uncertainty,UNCERTAINTY_INTERVAL_UI80,,,,,,,,,,37.42,,,31,,45,37 [31-45],,,EN,2023-04-26T04:00:00.000Z
SRH_PREGNANCY_UNINTENDED_RATE,Unintended pregnancy rate (model-estimated),numeric,SEAR,South-East Asia,Country,THA,Thailand,Year,2015-2019,true,Uncertainty interval,95% uncertainty,UNCERTAINTY_INTERVAL_UI95,,,,,,,,,,38.25,,,21,,77,38 [21-77],,,EN,2023-04-26T04:00:00.000Z
SRH_PREGNANCY_UNINTENDED_RATE,Unintended pregnancy rate (model-estimated),numeric,SEAR,South-East Asia,Country,THA,Thailand,Year,2015-2019,true,Uncertainty interval,80% uncertainty,UNCERTAINTY_INTERVAL_UI80,,,,,,,,,,38.25,,,25,,61,38 [25-61],,,EN,2023-04-26T04:00:00.000Z
SRH_PREGNANCY_UNINTENDED_RATE,Unintended pregnancy rate (model-estimated),numeric,EUR,Europe,Country,EST,Estonia,Year,2015-2019,true,Uncertainty interval,95% uncertainty,UNCERTAINTY_INTERVAL_UI95,,,,,,,,,,38.12,,,30,,47,38 [30-47],,,EN,2023-04-26T04:00:00.000Z
SRH_PREGNANCY_UNINTENDED_RATE,Unintended pregnancy rate (model-estimated),numeric,EUR,Europe,Country,EST,Estonia,Year,2015-2019,true,Uncertainty interval,80% uncertainty,UNCERTAINTY_INTERVAL_UI80,,,,,,,,,,38.12,,,32,,44,38 [32-44],,,EN,2023-04-26T04:00:00.000Z
SRH_PREGNANCY_UNINTENDED_RATE,Unintended pregnancy rate (model-estimated),numeric,SEAR,South-East Asia,Country,LKA,Sri Lanka,Year,2015-2019,true,Uncertainty interval,95% uncertainty,UNCERTAINTY_INTERVAL_UI95,,,,,,,,,,38.93,,,23,,73,39 [23-73],,,EN,2023-04-26T04:00:00.000Z
SRH_PREGNANCY_UNINTENDED_RATE,Unintended pregnancy rate (model-estimated),numeric,SEAR,South-East Asia,Country,LKA,Sri Lanka,Year,2015-2019,true,Uncertainty interval,80% uncertainty,UNCERTAINTY_INTERVAL_UI80,,,,,,,,,,38.93,,,27,,58,39 [27-58],,,EN,2023-04-26T04:00:00.000Z
SRH_PREGNANCY_UNINTENDED_RATE,Unintended pregnancy rate (model-estimated),numeric,SEAR,South-East Asia,Country,IDN,Indonesia,Year,2015-2019,true,Uncertainty interval,95% uncertainty,UNCERTAINTY_INTERVAL_UI95,,,,,,,,,,39.9,,,23,,69,40 [23-69],,,EN,2023-04-26T04:00:00.000Z
SRH_PREGNANCY_UNINTENDED_RATE,Unintended pregnancy rate (model-estimated),numeric,EUR,Europe,Country,KGZ,Kyrgyzstan,Year,2015-2019,true,Uncertainty interval,95% uncertainty,UNCERTAINTY_INTERVAL_UI95,,,,,,,,,,39.67,,,26,,64,40 [26-64],,,EN,2023-04-26T04:00:00.000Z
SRH_PREGNANCY_UNINTENDED_RATE,Unintended pregnancy rate (model-estimated),numeric,SEAR,South-East Asia,Country,IDN,Indonesia,Year,2015-2019,true,Uncertainty interval,80% uncertainty,UNCERTAINTY_INTERVAL_UI80,,,,,,,,,,39.9,,,28,,57,40 [28-57],,,EN,2023-04-26T04:00:00.000Z
SRH_PREGNANCY_UNINTENDED_RATE,Unintended pregnancy rate (model-estimated),numeric,EUR,Europe,Country,KGZ,Kyrgyzstan,Year,2015-2019,true,Uncertainty interval,80% uncertainty,UNCERTAINTY_INTERVAL_UI80,,,,,,,,,,39.67,,,30,,54,40 [30-54],,,EN,2023-04-26T04:00:00.000Z
SRH_PREGNANCY_UNINTENDED_RATE,Unintended pregnancy rate (model-estimated),numeric,AMR,Americas,Country,URY,Uruguay,Year,2015-2019,true,Uncertainty interval,95% uncertainty,UNCERTAINTY_INTERVAL_UI95,,,,,,,,,,41.48,,,26,,61,41 [26-61],,,EN,2023-04-26T04:00:00.000Z
SRH_PREGNANCY_UNINTENDED_RATE,Unintended pregnancy rate (model-estimated),numeric,AMR,Americas,Country,URY,Uruguay,Year,2015-2019,true,Uncertainty interval,80% uncertainty,UNCERTAINTY_INTERVAL_UI80,,,,,,,,,,41.48,,,30,,55,41 [30-55],,,EN,2023-04-26T04:00:00.000Z
SRH_PREGNANCY_UNINTENDED_RATE,Unintended pregnancy rate (model-estimated),numeric,WPR,Western Pacific,Country,NZL,New Zealand,Year,2015-2019,true,Uncertainty interval,95% uncertainty,UNCERTAINTY_INTERVAL_UI95,,,,,,,,,,40.88,,,33,,48,41 [33-48],,,EN,2023-04-26T04:00:00.000Z
SRH_PREGNANCY_UNINTENDED_RATE,Unintended pregnancy rate (model-estimated),numeric,WPR,Western Pacific,Country,NZL,New Zealand,Year,2015-2019,true,Uncertainty interval,80% uncertainty,UNCERTAINTY_INTERVAL_UI80,,,,,,,,,,40.88,,,36,,46,41 [36-46],,,EN,2023-04-26T04:00:00.000Z
SRH_PREGNANCY_UNINTENDED_RATE,Unintended pregnancy rate (model-estimated),numeric,EUR,Europe,Country,ROU,Romania,Year,2015-2019,true,Uncertainty interval,95% uncertainty,UNCERTAINTY_INTERVAL_UI95,,,,,,,,,,44.38,,,27,,89,44 [27-89],,,EN,2023-04-26T04:00:00.000Z
SRH_PREGNANCY_UNINTENDED_RATE,Unintended pregnancy rate (model-estimated),numeric,EUR,Europe,Country,ROU,Romania,Year,2015-2019,true,Uncertainty interval,80% uncertainty,UNCERTAINTY_INTERVAL_UI80,,,,,,,,,,44.38,,,31,,70,44 [31-70],,,EN,2023-04-26T04:00:00.000Z
SRH_PREGNANCY_UNINTENDED_RATE,Unintended pregnancy rate (model-estimated),numeric,SEAR,South-East Asia,Country,BTN,Bhutan,Year,2015-2019,true,Uncertainty interval,95% uncertainty,UNCERTAINTY_INTERVAL_UI95,,,,,,,,,,47.55,,,29,,76,48 [29-76],,,EN,2023-04-26T04:00:00.000Z
SRH_PREGNANCY_UNINTENDED_RATE,Unintended pregnancy rate (model-estimated),numeric,SEAR,South-East Asia,Country,BTN,Bhutan,Year,2015-2019,true,Uncertainty interval,80% uncertainty,UNCERTAINTY_INTERVAL_UI80,,,,,,,,,,47.55,,,34,,65,48 [34-65],,,EN,2023-04-26T04:00:00.000Z
SRH_PREGNANCY_UNINTENDED_RATE,Unintended pregnancy rate (model-estimated),numeric,WPR,Western Pacific,Country,TON,Tonga,Year,2015-2019,true,Uncertainty interval,95% uncertainty,UNCERTAINTY_INTERVAL_UI95,,,,,,,,,,49.44,,,27,,102,49 [27-102],,,EN,2023-04-26T04:00:00.000Z
SRH_PREGNANCY_UNINTENDED_RATE,Unintended pregnancy rate (model-estimated),numeric,WPR,Western Pacific,Country,TON,Tonga,Year,2015-2019,true,Uncertainty interval,80% uncertainty,UNCERTAINTY_INTERVAL_UI80,,,,,,,,,,49.44,,,33,,79,49 [33-79],,,EN,2023-04-26T04:00:00.000Z
SRH_PREGNANCY_UNINTENDED_RATE,Unintended pregnancy rate (model-estimated),numeric,AFR,Africa,Country,NER,Niger,Year,2015-2019,true,Uncertainty interval,95% uncertainty,UNCERTAINTY_INTERVAL_UI95,,,,,,,,,,49.22,,,34,,72,49 [34-72],,,EN,2023-04-26T04:00:00.000Z
SRH_PREGNANCY_UNINTENDED_RATE,Unintended pregnancy rate (model-estimated),numeric,AFR,Africa,Country,NER,Niger,Year,2015-2019,true,Uncertainty interval,80% uncertainty,UNCERTAINTY_INTERVAL_UI80,,,,,,,,,,49.22,,,39,,62,49 [39-62],,,EN,2023-04-26T04:00:00.000Z
SRH_PREGNANCY_UNINTENDED_RATE,Unintended pregnancy rate (model-estimated),numeric,SEAR,South-East Asia,Country,TLS,Timor-Leste,Year,2015-2019,true,Uncertainty interval,95% uncertainty,UNCERTAINTY_INTERVAL_UI95,,,,,,,,,,49.6,,,27,,95,50 [27-95],,,EN,2023-04-26T04:00:00.000Z
SRH_PREGNANCY_UNINTENDED_RATE,Unintended pregnancy rate (model-estimated),numeric,EMR,Eastern Mediterranean,Country,DJI,Djibouti,Year,2015-2019,true,Uncertainty interval,95% uncertainty,UNCERTAINTY_INTERVAL_UI95,,,,,,,,,,50.36,,,31,,81,50 [31-81],,,EN,2023-04-26T04:00:00.000Z
SRH_PREGNANCY_UNINTENDED_RATE,Unintended pregnancy rate (model-estimated),numeric,SEAR,South-East Asia,Country,TLS,Timor-Leste,Year,2015-2019,true,Uncertainty interval,80% uncertainty,UNCERTAINTY_INTERVAL_UI80,,,,,,,,,,49.6,,,34,,75,50 [34-75],,,EN,2023-04-26T04:00:00.000Z
SRH_PREGNANCY_UNINTENDED_RATE,Unintended pregnancy rate (model-estimated),numeric,EMR,Eastern Mediterranean,Country,DJI,Djibouti,Year,2015-2019,true,Uncertainty interval,80% uncertainty,UNCERTAINTY_INTERVAL_UI80,,,,,,,,,,50.36,,,38,,67,50 [38-67],,,EN,2023-04-26T04:00:00.000Z
SRH_PREGNANCY_UNINTENDED_RATE,Unintended pregnancy rate (model-estimated),numeric,WPR,Western Pacific,Country,LAO,Lao People's Democratic Republic,Year,2015-2019,true,Uncertainty interval,95% uncertainty,UNCERTAINTY_INTERVAL_UI95,,,,,,,,,,50.71,,,31,,90,51 [31-90],,,EN,2023-04-26T04:00:00.000Z
SRH_PREGNANCY_UNINTENDED_RATE,Unintended pregnancy rate (model-estimated),numeric,WPR,Western Pacific,Country,LAO,Lao People's Democratic Republic,Year,2015-2019,true,Uncertainty interval,80% uncertainty,UNCERTAINTY_INTERVAL_UI80,,,,,,,,,,50.71,,,36,,75,51 [36-75],,,EN,2023-04-26T04:00:00.000Z
SRH_PREGNANCY_UNINTENDED_RATE,Unintended pregnancy rate (model-estimated),numeric,AMR,Americas,Country,CRI,Costa Rica,Year,2015-2019,true,Uncertainty interval,95% uncertainty,UNCERTAINTY_INTERVAL_UI95,,,,,,,,,,51.77,,,41,,67,52 [41-67],,,EN,2023-04-26T04:00:00.000Z
SRH_PREGNANCY_UNINTENDED_RATE,Unintended pregnancy rate (model-estimated),numeric,AMR,Americas,Country,CRI,Costa Rica,Year,2015-2019,true,Uncertainty interval,80% uncertainty,UNCERTAINTY_INTERVAL_UI80,,,,,,,,,,51.77,,,44,,60,52 [44-60],,,EN,2023-04-26T04:00:00.000Z
SRH_PREGNANCY_UNINTENDED_RATE,Unintended pregnancy rate (model-estimated),numeric,AFR,Africa,Country,ERI,Eritrea,Year,2015-2019,true,Uncertainty interval,95% uncertainty,UNCERTAINTY_INTERVAL_UI95,,,,,,,,,,52.65,,,33,,83,53 [33-83],,,EN,2023-04-26T04:00:00.000Z
SRH_PREGNANCY_UNINTENDED_RATE,Unintended pregnancy rate (model-estimated),numeric,EUR,Europe,Country,ARM,Armenia,Year,2015-2019,true,Uncertainty interval,95% uncertainty,UNCERTAINTY_INTERVAL_UI95,,,,,,,,,,52.65,,,33,,85,53 [33-85],,,EN,2023-04-26T04:00:00.000Z
SRH_PREGNANCY_UNINTENDED_RATE,Unintended pregnancy rate (model-estimated),numeric,AFR,Africa,Country,ERI,Eritrea,Year,2015-2019,true,Uncertainty interval,80% uncertainty,UNCERTAINTY_INTERVAL_UI80,,,,,,,,,,52.65,,,39,,70,53 [39-70],,,EN,2023-04-26T04:00:00.000Z
SRH_PREGNANCY_UNINTENDED_RATE,Unintended pregnancy rate (model-estimated),numeric,EUR,Europe,Country,ARM,Armenia,Year,2015-2019,true,Uncertainty interval,80% uncertainty,UNCERTAINTY_INTERVAL_UI80,,,,,,,,,,52.65,,,39,,71,53 [39-71],,,EN,2023-04-26T04:00:00.000Z
SRH_PREGNANCY_UNINTENDED_RATE,Unintended pregnancy rate (model-estimated),numeric,AMR,Americas,Country,PRI,Puerto Rico,Year,2015-2019,true,Uncertainty interval,95% uncertainty,UNCERTAINTY_INTERVAL_UI95,,,,,,,,,,54.32,,,31,,90,54 [31-90],,,EN,2023-04-26T04:00:00.000Z
SRH_PREGNANCY_UNINTENDED_RATE,Unintended pregnancy rate (model-estimated),numeric,AFR,Africa,Country,SSD,South Sudan,Year,2015-2019,true,Uncertainty interval,95% uncertainty,UNCERTAINTY_INTERVAL_UI95,,,,,,,,,,54.49,,,31,,92,54 [31-92],,,EN,2023-04-26T04:00:00.000Z
SRH_PREGNANCY_UNINTENDED_RATE,Unintended pregnancy rate (model-estimated),numeric,AFR,Africa,Country,GMB,Gambia,Year,2015-2019,true,Uncertainty interval,95% uncertainty,UNCERTAINTY_INTERVAL_UI95,,,,,,,,,,53.67,,,36,,77,54 [36-77],,,EN,2023-04-26T04:00:00.000Z
SRH_PREGNANCY_UNINTENDED_RATE,Unintended pregnancy rate (model-estimated),numeric,AMR,Americas,Country,PRI,Puerto Rico,Year,2015-2019,true,Uncertainty interval,80% uncertainty,UNCERTAINTY_INTERVAL_UI80,,,,,,,,,,54.32,,,38,,76,54 [38-76],,,EN,2023-04-26T04:00:00.000Z
SRH_PREGNANCY_UNINTENDED_RATE,Unintended pregnancy rate (model-estimated),numeric,AFR,Africa,Country,SSD,South Sudan,Year,2015-2019,true,Uncertainty interval,80% uncertainty,UNCERTAINTY_INTERVAL_UI80,,,,,,,,,,54.49,,,38,,76,54 [38-76],,,EN,2023-04-26T04:00:00.000Z
SRH_PREGNANCY_UNINTENDED_RATE,Unintended pregnancy rate (model-estimated),numeric,AFR,Africa,Country,GMB,Gambia,Year,2015-2019,true,Uncertainty interval,80% uncertainty,UNCERTAINTY_INTERVAL_UI80,,,,,,,,,,53.67,,,42,,68,54 [42-68],,,EN,2023-04-26T04:00:00.000Z
SRH_PREGNANCY_UNINTENDED_RATE,Unintended pregnancy rate (model-estimated),numeric,AMR,Americas,Country,NIC,Nicaragua,Year,2015-2019,true,Uncertainty interval,95% uncertainty,UNCERTAINTY_INTERVAL_UI95,,,,,,,,,,56.26,,,41,,79,56 [41-79],,,EN,2023-04-26T04:00:00.000Z
SRH_PREGNANCY_UNINTENDED_RATE,Unintended pregnancy rate (model-estimated),numeric,AMR,Americas,Country,NIC,Nicaragua,Year,2015-2019,true,Uncertainty interval,80% uncertainty,UNCERTAINTY_INTERVAL_UI80,,,,,,,,,,56.26,,,45,,70,56 [45-70],,,EN,2023-04-26T04:00:00.000Z
SRH_PREGNANCY_UNINTENDED_RATE,Unintended pregnancy rate (model-estimated),numeric,EUR,Europe,Country,KAZ,Kazakhstan,Year,2015-2019,true,Uncertainty interval,95% uncertainty,UNCERTAINTY_INTERVAL_UI95,,,,,,,,,,57.5,,,34,,101,57 [34-101],,,EN,2023-04-26T04:00:00.000Z
SRH_PREGNANCY_UNINTENDED_RATE,Unintended pregnancy rate (model-estimated),numeric,EUR,Europe,Country,KAZ,Kazakhstan,Year,2015-2019,true,Uncertainty interval,80% uncertainty,UNCERTAINTY_INTERVAL_UI80,,,,,,,,,,57.5,,,40,,82,57 [40-82],,,EN,2023-04-26T04:00:00.000Z
SRH_PREGNANCY_UNINTENDED_RATE,Unintended pregnancy rate (model-estimated),numeric,AMR,Americas,Country,SLV,El Salvador,Year,2015-2019,true,Uncertainty interval,95% uncertainty,UNCERTAINTY_INTERVAL_UI95,,,,,,,,,,57.64,,,40,,86,58 [40-86],,,EN,2023-04-26T04:00:00.000Z
SRH_PREGNANCY_UNINTENDED_RATE,Unintended pregnancy rate (model-estimated),numeric,AMR,Americas,Country,SLV,El Salvador,Year,2015-2019,true,Uncertainty interval,80% uncertainty,UNCERTAINTY_INTERVAL_UI80,,,,,,,,,,57.64,,,45,,75,58 [45-75],,,EN,2023-04-26T04:00:00.000Z
SRH_PREGNANCY_UNINTENDED_RATE,Unintended pregnancy rate (model-estimated),numeric,SEAR,South-East Asia,Country,BGD,Bangladesh,Year,2015-2019,true,Uncertainty interval,95% uncertainty,UNCERTAINTY_INTERVAL_UI95,,,,,,,,,,58.86,,,47,,76,59 [47-76],,,EN,2023-04-26T04:00:00.000Z
SRH_PREGNANCY_UNINTENDED_RATE,Unintended pregnancy rate (model-estimated),numeric,SEAR,South-East Asia,Country,BGD,Bangladesh,Year,2015-2019,true,Uncertainty interval,80% uncertainty,UNCERTAINTY_INTERVAL_UI80,,,,,,,,,,58.86,,,51,,69,59 [51-69],,,EN,2023-04-26T04:00:00.000Z
SRH_PREGNANCY_UNINTENDED_RATE,Unintended pregnancy rate (model-estimated),numeric,SEAR,South-East Asia,Country,MDV,Maldives,Year,2015-2019,true,Uncertainty interval,95% uncertainty,UNCERTAINTY_INTERVAL_UI95,,,,,,,,,,59.51,,,31,,123,60 [31-123],,,EN,2023-04-26T04:00:00.000Z
SRH_PREGNANCY_UNINTENDED_RATE,Unintended pregnancy rate (model-estimated),numeric,SEAR,South-East Asia,Country,MDV,Maldives,Year,2015-2019,true,Uncertainty interval,80% uncertainty,UNCERTAINTY_INTERVAL_UI80,,,,,,,,,,59.51,,,39,,95,60 [39-95],,,EN,2023-04-26T04:00:00.000Z
SRH_PREGNANCY_UNINTENDED_RATE,Unintended pregnancy rate (model-estimated),numeric,AFR,Africa,Country,TCD,Chad,Year,2015-2019,true,Uncertainty interval,95% uncertainty,UNCERTAINTY_INTERVAL_UI95,,,,,,,,,,59.55,,,42,,86,60 [42-86],,,EN,2023-04-26T04:00:00.000Z
SRH_PREGNANCY_UNINTENDED_RATE,Unintended pregnancy rate (model-estimated),numeric,AMR,Americas,Country,MEX,Mexico,Year,2015-2019,true,Uncertainty interval,95% uncertainty,UNCERTAINTY_INTERVAL_UI95,,,,,,,,,,60.31,,,45,,81,60 [45-81],,,EN,2023-04-26T04:00:00.000Z
SRH_PREGNANCY_UNINTENDED_RATE,Unintended pregnancy rate (model-estimated),numeric,SEAR,South-East Asia,Country,NPL,Nepal,Year,2015-2019,true,Uncertainty interval,95% uncertainty,UNCERTAINTY_INTERVAL_UI95,,,,,,,,,,59.7,,,45,,81,60 [45-81],,,EN,2023-04-26T04:00:00.000Z
SRH_PREGNANCY_UNINTENDED_RATE,Unintended pregnancy rate (model-estimated),numeric,AFR,Africa,Country,TCD,Chad,Year,2015-2019,true,Uncertainty interval,80% uncertainty,UNCERTAINTY_INTERVAL_UI80,,,,,,,,,,59.55,,,48,,76,60 [48-76],,,EN,2023-04-26T04:00:00.000Z
SRH_PREGNANCY_UNINTENDED_RATE,Unintended pregnancy rate (model-estimated),numeric,SEAR,South-East Asia,Country,NPL,Nepal,Year,2015-2019,true,Uncertainty interval,80% uncertainty,UNCERTAINTY_INTERVAL_UI80,,,,,,,,,,59.7,,,49,,72,60 [49-72],,,EN,2023-04-26T04:00:00.000Z
SRH_PREGNANCY_UNINTENDED_RATE,Unintended pregnancy rate (model-estimated),numeric,AMR,Americas,Country,MEX,Mexico,Year,2015-2019,true,Uncertainty interval,80% uncertainty,UNCERTAINTY_INTERVAL_UI80,,,,,,,,,,60.31,,,50,,73,60 [50-73],,,EN,2023-04-26T04:00:00.000Z
SRH_PREGNANCY_UNINTENDED_RATE,Unintended pregnancy rate (model-estimated),numeric,AFR,Africa,Country,SEN,Senegal,Year,2015-2019,true,Uncertainty interval,95% uncertainty,UNCERTAINTY_INTERVAL_UI95,,,,,,,,,,61.26,,,51,,73,61 [51-73],,,EN,2023-04-26T04:00:00.000Z
SRH_PREGNANCY_UNINTENDED_RATE,Unintended pregnancy rate (model-estimated),numeric,AFR,Africa,Country,SEN,Senegal,Year,2015-2019,true,Uncertainty interval,80% uncertainty,UNCERTAINTY_INTERVAL_UI80,,,,,,,,,,61.26,,,54,,68,61 [54-68],,,EN,2023-04-26T04:00:00.000Z
SRH_PREGNANCY_UNINTENDED_RATE,Unintended pregnancy rate (model-estimated),numeric,SEAR,South-East Asia,Country,IND,India,Year,2015-2019,true,Uncertainty interval,95% uncertainty,UNCERTAINTY_INTERVAL_UI95,,,,,,,,,,62.36,,,54,,74,62 [54-74],,,EN,2023-04-26T04:00:00.000Z
SRH_PREGNANCY_UNINTENDED_RATE,Unintended pregnancy rate (model-estimated),numeric,SEAR,South-East Asia,Country,IND,India,Year,2015-2019,true,Uncertainty interval,80% uncertainty,UNCERTAINTY_INTERVAL_UI80,,,,,,,,,,62.36,,,57,,70,62 [57-70],,,EN,2023-04-26T04:00:00.000Z
SRH_PREGNANCY_UNINTENDED_RATE,Unintended pregnancy rate (model-estimated),numeric,AMR,Americas,Country,COL,Colombia,Year,2015-2019,true,Uncertainty interval,95% uncertainty,UNCERTAINTY_INTERVAL_UI95,,,,,,,,,,62.72,,,50,,79,63 [50-79],,,EN,2023-04-26T04:00:00.000Z
SRH_PREGNANCY_UNINTENDED_RATE,Unintended pregnancy rate (model-estimated),numeric,AMR,Americas,Country,GTM,Guatemala,Year,2015-2019,true,Uncertainty interval,95% uncertainty,UNCERTAINTY_INTERVAL_UI95,,,,,,,,,,62.83,,,50,,81,63 [50-81],,,EN,2023-04-26T04:00:00.000Z
SRH_PREGNANCY_UNINTENDED_RATE,Unintended pregnancy rate (model-estimated),numeric,AMR,Americas,Country,COL,Colombia,Year,2015-2019,true,Uncertainty interval,80% uncertainty,UNCERTAINTY_INTERVAL_UI80,,,,,,,,,,62.72,,,54,,73,63 [54-73],,,EN,2023-04-26T04:00:00.000Z
SRH_PREGNANCY_UNINTENDED_RATE,Unintended pregnancy rate (model-estimated),numeric,AMR,Americas,Country,GTM,Guatemala,Year,2015-2019,true,Uncertainty interval,80% uncertainty,UNCERTAINTY_INTERVAL_UI80,,,,,,,,,,62.83,,,54,,74,63 [54-74],,,EN,2023-04-26T04:00:00.000Z
SRH_PREGNANCY_UNINTENDED_RATE,Unintended pregnancy rate (model-estimated),numeric,EUR,Europe,Country,RUS,Russian Federation,Year,2015-2019,true,Uncertainty interval,95% uncertainty,UNCERTAINTY_INTERVAL_UI95,,,,,,,,,,64.23,,,43,,107,64 [43-107],,,EN,2023-04-26T04:00:00.000Z
SRH_PREGNANCY_UNINTENDED_RATE,Unintended pregnancy rate (model-estimated),numeric,EUR,Europe,Country,RUS,Russian Federation,Year,2015-2019,true,Uncertainty interval,80% uncertainty,UNCERTAINTY_INTERVAL_UI80,,,,,,,,,,64.23,,,48,,90,64 [48-90],,,EN,2023-04-26T04:00:00.000Z
SRH_PREGNANCY_UNINTENDED_RATE,Unintended pregnancy rate (model-estimated),numeric,WPR,Western Pacific,Country,CHN,China,Year,2015-2019,true,Uncertainty interval,95% uncertainty,UNCERTAINTY_INTERVAL_UI95,,,,,,,,,,64.81,,,43,,101,65 [43-101],,,EN,2023-04-26T04:00:00.000Z
SRH_PREGNANCY_UNINTENDED_RATE,Unintended pregnancy rate (model-estimated),numeric,WPR,Western Pacific,Country,CHN,China,Year,2015-2019,true,Uncertainty interval,80% uncertainty,UNCERTAINTY_INTERVAL_UI80,,,,,,,,,,64.81,,,49,,88,65 [49-88],,,EN,2023-04-26T04:00:00.000Z
SRH_PREGNANCY_UNINTENDED_RATE,Unintended pregnancy rate (model-estimated),numeric,WPR,Western Pacific,Country,WSM,Samoa,Year,2015-2019,true,Uncertainty interval,95% uncertainty,UNCERTAINTY_INTERVAL_UI95,,,,,,,,,,66.4,,,37,,131,66 [37-131],,,EN,2023-04-26T04:00:00.000Z
SRH_PREGNANCY_UNINTENDED_RATE,Unintended pregnancy rate (model-estimated),numeric,WPR,Western Pacific,Country,WSM,Samoa,Year,2015-2019,true,Uncertainty interval,80% uncertainty,UNCERTAINTY_INTERVAL_UI80,,,,,,,,,,66.4,,,48,,99,66 [48-99],,,EN,2023-04-26T04:00:00.000Z
SRH_PREGNANCY_UNINTENDED_RATE,Unintended pregnancy rate (model-estimated),numeric,AMR,Americas,Country,PRY,Paraguay,Year,2015-2019,true,Uncertainty interval,95% uncertainty,UNCERTAINTY_INTERVAL_UI95,,,,,,,,,,67.35,,,42,,115,67 [42-115],,,EN,2023-04-26T04:00:00.000Z
SRH_PREGNANCY_UNINTENDED_RATE,Unintended pregnancy rate (model-estimated),numeric,AMR,Americas,Country,BRA,Brazil,Year,2015-2019,true,Uncertainty interval,95% uncertainty,UNCERTAINTY_INTERVAL_UI95,,,,,,,,,,67.16,,,46,,106,67 [46-106],,,EN,2023-04-26T04:00:00.000Z
SRH_PREGNANCY_UNINTENDED_RATE,Unintended pregnancy rate (model-estimated),numeric,AMR,Americas,Country,SUR,Suriname,Year,2015-2019,true,Uncertainty interval,95% uncertainty,UNCERTAINTY_INTERVAL_UI95,,,,,,,,,,66.91,,,46,,99,67 [46-99],,,EN,2023-04-26T04:00:00.000Z
SRH_PREGNANCY_UNINTENDED_RATE,Unintended pregnancy rate (model-estimated),numeric,AMR,Americas,Country,PRY,Paraguay,Year,2015-2019,true,Uncertainty interval,80% uncertainty,UNCERTAINTY_INTERVAL_UI80,,,,,,,,,,67.35,,,48,,95,67 [48-95],,,EN,2023-04-26T04:00:00.000Z
SRH_PREGNANCY_UNINTENDED_RATE,Unintended pregnancy rate (model-estimated),numeric,AMR,Americas,Country,SUR,Suriname,Year,2015-2019,true,Uncertainty interval,80% uncertainty,UNCERTAINTY_INTERVAL_UI80,,,,,,,,,,66.91,,,52,,86,67 [52-86],,,EN,2023-04-26T04:00:00.000Z
SRH_PREGNANCY_UNINTENDED_RATE,Unintended pregnancy rate (model-estimated),numeric,AMR,Americas,Country,BRA,Brazil,Year,2015-2019,true,Uncertainty interval,80% uncertainty,UNCERTAINTY_INTERVAL_UI80,,,,,,,,,,67.16,,,52,,90,67 [52-90],,,EN,2023-04-26T04:00:00.000Z
SRH_PREGNANCY_UNINTENDED_RATE,Unintended pregnancy rate (model-estimated),numeric,AMR,Americas,Country,HND,Honduras,Year,2015-2019,true,Uncertainty interval,95% uncertainty,UNCERTAINTY_INTERVAL_UI95,,,,,,,,,,67.84,,,49,,100,68 [49-100],,,EN,2023-04-26T04:00:00.000Z
SRH_PREGNANCY_UNINTENDED_RATE,Unintended pregnancy rate (model-estimated),numeric,AFR,Africa,Country,MLI,Mali,Year,2015-2019,true,Uncertainty interval,95% uncertainty,UNCERTAINTY_INTERVAL_UI95,,,,,,,,,,67.61,,,50,,95,68 [50-95],,,EN,2023-04-26T04:00:00.000Z
SRH_PREGNANCY_UNINTENDED_RATE,Unintended pregnancy rate (model-estimated),numeric,AFR,Africa,Country,MRT,Mauritania,Year,2015-2019,true,Uncertainty interval,95% uncertainty,UNCERTAINTY_INTERVAL_UI95,,,,,,,,,,67.63,,,50,,97,68 [50-97],,,EN,2023-04-26T04:00:00.000Z
SRH_PREGNANCY_UNINTENDED_RATE,Unintended pregnancy rate (model-estimated),numeric,AMR,Americas,Country,HND,Honduras,Year,2015-2019,true,Uncertainty interval,80% uncertainty,UNCERTAINTY_INTERVAL_UI80,,,,,,,,,,67.84,,,54,,87,68 [54-87],,,EN,2023-04-26T04:00:00.000Z
SRH_PREGNANCY_UNINTENDED_RATE,Unintended pregnancy rate (model-estimated),numeric,AFR,Africa,Country,MLI,Mali,Year,2015-2019,true,Uncertainty interval,80% uncertainty,UNCERTAINTY_INTERVAL_UI80,,,,,,,,,,67.61,,,55,,83,68 [55-83],,,EN,2023-04-26T04:00:00.000Z
SRH_PREGNANCY_UNINTENDED_RATE,Unintended pregnancy rate (model-estimated),numeric,AFR,Africa,Country,MRT,Mauritania,Year,2015-2019,true,Uncertainty interval,80% uncertainty,UNCERTAINTY_INTERVAL_UI80,,,,,,,,,,67.63,,,55,,85,68 [55-85],,,EN,2023-04-26T04:00:00.000Z
SRH_PREGNANCY_UNINTENDED_RATE,Unintended pregnancy rate (model-estimated),numeric,AFR,Africa,Country,NGA,Nigeria,Year,2015-2019,true,Uncertainty interval,95% uncertainty,UNCERTAINTY_INTERVAL_UI95,,,,,,,,,,68.19,,,55,,86,68 [55-86],,,EN,2023-04-26T04:00:00.000Z
SRH_PREGNANCY_UNINTENDED_RATE,Unintended pregnancy rate (model-estimated),numeric,AFR,Africa,Country,NGA,Nigeria,Year,2015-2019,true,Uncertainty interval,80% uncertainty,UNCERTAINTY_INTERVAL_UI80,,,,,,,,,,68.19,,,59,,79,68 [59-79],,,EN,2023-04-26T04:00:00.000Z
SRH_PREGNANCY_UNINTENDED_RATE,Unintended pregnancy rate (model-estimated),numeric,AMR,Americas,Country,LCA,Saint Lucia,Year,2015-2019,true,Uncertainty interval,95% uncertainty,UNCERTAINTY_INTERVAL_UI95,,,,,,,,,,68.73,,,43,,115,69 [43-115],,,EN,2023-04-26T04:00:00.000Z
SRH_PREGNANCY_UNINTENDED_RATE,Unintended pregnancy rate (model-estimated),numeric,AMR,Americas,Country,ARG,Argentina,Year,2015-2019,true,Uncertainty interval,95% uncertainty,UNCERTAINTY_INTERVAL_UI95,,,,,,,,,,69.04,,,45,,102,69 [45-102],,,EN,2023-04-26T04:00:00.000Z
SRH_PREGNANCY_UNINTENDED_RATE,Unintended pregnancy rate (model-estimated),numeric,WPR,Western Pacific,Country,KHM,Cambodia,Year,2015-2019,true,Uncertainty interval,95% uncertainty,UNCERTAINTY_INTERVAL_UI95,,,,,,,,,,69.23,,,46,,121,69 [46-121],,,EN,2023-04-26T04:00:00.000Z
SRH_PREGNANCY_UNINTENDED_RATE,Unintended pregnancy rate (model-estimated),numeric,AMR,Americas,Country,LCA,Saint Lucia,Year,2015-2019,true,Uncertainty interval,80% uncertainty,UNCERTAINTY_INTERVAL_UI80,,,,,,,,,,68.73,,,50,,97,69 [50-97],,,EN,2023-04-26T04:00:00.000Z
SRH_PREGNANCY_UNINTENDED_RATE,Unintended pregnancy rate (model-estimated),numeric,AMR,Americas,Country,ARG,Argentina,Year,2015-2019,true,Uncertainty interval,80% uncertainty,UNCERTAINTY_INTERVAL_UI80,,,,,,,,,,69.04,,,52,,89,69 [52-89],,,EN,2023-04-26T04:00:00.000Z
SRH_PREGNANCY_UNINTENDED_RATE,Unintended pregnancy rate (model-estimated),numeric,WPR,Western Pacific,Country,KHM,Cambodia,Year,2015-2019,true,Uncertainty interval,80% uncertainty,UNCERTAINTY_INTERVAL_UI80,,,,,,,,,,69.23,,,52,,98,69 [52-98],,,EN,2023-04-26T04:00:00.000Z
SRH_PREGNANCY_UNINTENDED_RATE,Unintended pregnancy rate (model-estimated),numeric,AMR,Americas,Country,CHL,Chile,Year,2015-2019,true,Uncertainty interval,95% uncertainty,UNCERTAINTY_INTERVAL_UI95,,,,,,,,,,70.01,,,43,,116,70 [43-116],,,EN,2023-04-26T04:00:00.000Z
SRH_PREGNANCY_UNINTENDED_RATE,Unintended pregnancy rate (model-estimated),numeric,AFR,Africa,Country,GIN,Guinea,Year,2015-2019,true,Uncertainty interval,95% uncertainty,UNCERTAINTY_INTERVAL_UI95,,,,,,,,,,69.77,,,49,,105,70 [49-105],,,EN,2023-04-26T04:00:00.000Z
SRH_PREGNANCY_UNINTENDED_RATE,Unintended pregnancy rate (model-estimated),numeric,AMR,Americas,Country,CHL,Chile,Year,2015-2019,true,Uncertainty interval,80% uncertainty,UNCERTAINTY_INTERVAL_UI80,,,,,,,,,,70.01,,,51,,96,70 [51-96],,,EN,2023-04-26T04:00:00.000Z
SRH_PREGNANCY_UNINTENDED_RATE,Unintended pregnancy rate (model-estimated),numeric,AFR,Africa,Country,GIN,Guinea,Year,2015-2019,true,Uncertainty interval,80% uncertainty,UNCERTAINTY_INTERVAL_UI80,,,,,,,,,,69.77,,,55,,90,70 [55-90],,,EN,2023-04-26T04:00:00.000Z
SRH_PREGNANCY_UNINTENDED_RATE,Unintended pregnancy rate (model-estimated),numeric,AMR,Americas,Country,BLZ,Belize,Year,2015-2019,true,Uncertainty interval,95% uncertainty,UNCERTAINTY_INTERVAL_UI95,,,,,,,,,,70.9,,,45,,120,71 [45-120],,,EN,2023-04-26T04:00:00.000Z
SRH_PREGNANCY_UNINTENDED_RATE,Unintended pregnancy rate (model-estimated),numeric,WPR,Western Pacific,Country,PHL,Philippines,Year,2015-2019,true,Uncertainty interval,95% uncertainty,UNCERTAINTY_INTERVAL_UI95,,,,,,,,,,70.81,,,49,,100,71 [49-100],,,EN,2023-04-26T04:00:00.000Z
SRH_PREGNANCY_UNINTENDED_RATE,Unintended pregnancy rate (model-estimated),numeric,AMR,Americas,Country,BLZ,Belize,Year,2015-2019,true,Uncertainty interval,80% uncertainty,UNCERTAINTY_INTERVAL_UI80,,,,,,,,,,70.9,,,52,,102,71 [52-102],,,EN,2023-04-26T04:00:00.000Z
SRH_PREGNANCY_UNINTENDED_RATE,Unintended pregnancy rate (model-estimated),numeric,EMR,Eastern Mediterranean,Country,PAK,Pakistan,Year,2015-2019,true,Uncertainty interval,95% uncertainty,UNCERTAINTY_INTERVAL_UI95,,,,,,,,,,70.94,,,55,,93,71 [55-93],,,EN,2023-04-26T04:00:00.000Z
SRH_PREGNANCY_UNINTENDED_RATE,Unintended pregnancy rate (model-estimated),numeric,WPR,Western Pacific,Country,PHL,Philippines,Year,2015-2019,true,Uncertainty interval,80% uncertainty,UNCERTAINTY_INTERVAL_UI80,,,,,,,,,,70.81,,,56,,90,71 [56-90],,,EN,2023-04-26T04:00:00.000Z
SRH_PREGNANCY_UNINTENDED_RATE,Unintended pregnancy rate (model-estimated),numeric,EMR,Eastern Mediterranean,Country,PAK,Pakistan,Year,2015-2019,true,Uncertainty interval,80% uncertainty,UNCERTAINTY_INTERVAL_UI80,,,,,,,,,,70.94,,,60,,84,71 [60-84],,,EN,2023-04-26T04:00:00.000Z
SRH_PREGNANCY_UNINTENDED_RATE,Unintended pregnancy rate (model-estimated),numeric,AMR,Americas,Country,CUB,Cuba,Year,2015-2019,true,Uncertainty interval,95% uncertainty,UNCERTAINTY_INTERVAL_UI95,,,,,,,,,,71.56,,,56,,92,72 [56-92],,,EN,2023-04-26T04:00:00.000Z
SRH_PREGNANCY_UNINTENDED_RATE,Unintended pregnancy rate (model-estimated),numeric,AMR,Americas,Country,CUB,Cuba,Year,2015-2019,true,Uncertainty interval,80% uncertainty,UNCERTAINTY_INTERVAL_UI80,,,,,,,,,,71.56,,,61,,84,72 [61-84],,,EN,2023-04-26T04:00:00.000Z
SRH_PREGNANCY_UNINTENDED_RATE,Unintended pregnancy rate (model-estimated),numeric,AMR,Americas,Country,PAN,Panama,Year,2015-2019,true,Uncertainty interval,95% uncertainty,UNCERTAINTY_INTERVAL_UI95,,,,,,,,,,73.08,,,51,,109,73 [51-109],,,EN,2023-04-26T04:00:00.000Z
SRH_PREGNANCY_UNINTENDED_RATE,Unintended pregnancy rate (model-estimated),numeric,AMR,Americas,Country,PAN,Panama,Year,2015-2019,true,Uncertainty interval,80% uncertainty,UNCERTAINTY_INTERVAL_UI80,,,,,,,,,,73.08,,,58,,94,73 [58-94],,,EN,2023-04-26T04:00:00.000Z
SRH_PREGNANCY_UNINTENDED_RATE,Unintended pregnancy rate (model-estimated),numeric,AFR,Africa,Country,ZWE,Zimbabwe,Year,2015-2019,true,Uncertainty interval,95% uncertainty,UNCERTAINTY_INTERVAL_UI95,,,,,,,,,,73.95,,,64,,85,74 [64-85],,,EN,2023-04-26T04:00:00.000Z
SRH_PREGNANCY_UNINTENDED_RATE,Unintended pregnancy rate (model-estimated),numeric,AFR,Africa,Country,ZWE,Zimbabwe,Year,2015-2019,true,Uncertainty interval,80% uncertainty,UNCERTAINTY_INTERVAL_UI80,,,,,,,,,,73.95,,,67,,81,74 [67-81],,,EN,2023-04-26T04:00:00.000Z
SRH_PREGNANCY_UNINTENDED_RATE,Unintended pregnancy rate (model-estimated),numeric,AFR,Africa,Country,BFA,Burkina Faso,Year,2015-2019,true,Uncertainty interval,95% uncertainty,UNCERTAINTY_INTERVAL_UI95,,,,,,,,,,75.17,,,59,,97,75 [59-97],,,EN,2023-04-26T04:00:00.000Z
SRH_PREGNANCY_UNINTENDED_RATE,Unintended pregnancy rate (model-estimated),numeric,AFR,Africa,Country,BFA,Burkina Faso,Year,2015-2019,true,Uncertainty interval,80% uncertainty,UNCERTAINTY_INTERVAL_UI80,,,,,,,,,,75.17,,,64,,89,75 [64-89],,,EN,2023-04-26T04:00:00.000Z
SRH_PREGNANCY_UNINTENDED_RATE,Unintended pregnancy rate (model-estimated),numeric,AMR,Americas,Country,GUY,Guyana,Year,2015-2019,true,Uncertainty interval,95% uncertainty,UNCERTAINTY_INTERVAL_UI95,,,,,,,,,,76.48,,,53,,115,76 [53-115],,,EN,2023-04-26T04:00:00.000Z
SRH_PREGNANCY_UNINTENDED_RATE,Unintended pregnancy rate (model-estimated),numeric,AMR,Americas,Country,GUY,Guyana,Year,2015-2019,true,Uncertainty interval,80% uncertainty,UNCERTAINTY_INTERVAL_UI80,,,,,,,,,,76.48,,,59,,99,76 [59-99],,,EN,2023-04-26T04:00:00.000Z
SRH_PREGNANCY_UNINTENDED_RATE,Unintended pregnancy rate (model-estimated),numeric,AMR,Americas,Country,BRB,Barbados,Year,2015-2019,true,Uncertainty interval,95% uncertainty,UNCERTAINTY_INTERVAL_UI95,,,,,,,,,,76.91,,,48,,125,77 [48-125],,,EN,2023-04-26T04:00:00.000Z
SRH_PREGNANCY_UNINTENDED_RATE,Unintended pregnancy rate (model-estimated),numeric,AMR,Americas,Country,BRB,Barbados,Year,2015-2019,true,Uncertainty interval,80% uncertainty,UNCERTAINTY_INTERVAL_UI80,,,,,,,,,,76.91,,,56,,107,77 [56-107],,,EN,2023-04-26T04:00:00.000Z
SRH_PREGNANCY_UNINTENDED_RATE,Unintended pregnancy rate (model-estimated),numeric,AFR,Africa,Country,ETH,Ethiopia,Year,2015-2019,true,Uncertainty interval,95% uncertainty,UNCERTAINTY_INTERVAL_UI95,,,,,,,,,,79.46,,,66,,94,79 [66-94],,,EN,2023-04-26T04:00:00.000Z
SRH_PREGNANCY_UNINTENDED_RATE,Unintended pregnancy rate (model-estimated),numeric,AFR,Africa,Country,ETH,Ethiopia,Year,2015-2019,true,Uncertainty interval,80% uncertainty,UNCERTAINTY_INTERVAL_UI80,,,,,,,,,,79.46,,,71,,89,79 [71-89],,,EN,2023-04-26T04:00:00.000Z
SRH_PREGNANCY_UNINTENDED_RATE,Unintended pregnancy rate (model-estimated),numeric,WPR,Western Pacific,Country,PNG,Papua New Guinea,Year,2015-2019,true,Uncertainty interval,95% uncertainty,UNCERTAINTY_INTERVAL_UI95,,,,,,,,,,79.81,,,46,,150,80 [46-150],,,EN,2023-04-26T04:00:00.000Z
SRH_PREGNANCY_UNINTENDED_RATE,Unintended pregnancy rate (model-estimated),numeric,WPR,Western Pacific,Country,PNG,Papua New Guinea,Year,2015-2019,true,Uncertainty interval,80% uncertainty,UNCERTAINTY_INTERVAL_UI80,,,,,,,,,,79.81,,,56,,119,80 [56-119],,,EN,2023-04-26T04:00:00.000Z
SRH_PREGNANCY_UNINTENDED_RATE,Unintended pregnancy rate (model-estimated),numeric,AMR,Americas,Country,ECU,Ecuador,Year,2015-2019,true,Uncertainty interval,95% uncertainty,UNCERTAINTY_INTERVAL_UI95,,,,,,,,,,79.73,,,56,,123,80 [56-123],,,EN,2023-04-26T04:00:00.000Z
SRH_PREGNANCY_UNINTENDED_RATE,Unintended pregnancy rate (model-estimated),numeric,AMR,Americas,Country,ECU,Ecuador,Year,2015-2019,true,Uncertainty interval,80% uncertainty,UNCERTAINTY_INTERVAL_UI80,,,,,,,,,,79.73,,,63,,103,80 [63-103],,,EN,2023-04-26T04:00:00.000Z
SRH_PREGNANCY_UNINTENDED_RATE,Unintended pregnancy rate (model-estimated),numeric,AFR,Africa,Country,ZAF,South Africa,Year,2015-2019,true,Uncertainty interval,95% uncertainty,UNCERTAINTY_INTERVAL_UI95,,,,,,,,,,81.48,,,59,,135,81 [59-135],,,EN,2023-04-26T04:00:00.000Z
SRH_PREGNANCY_UNINTENDED_RATE,Unintended pregnancy rate (model-estimated),numeric,AFR,Africa,Country,ZAF,South Africa,Year,2015-2019,true,Uncertainty interval,80% uncertainty,UNCERTAINTY_INTERVAL_UI80,,,,,,,,,,81.48,,,64,,112,81 [64-112],,,EN,2023-04-26T04:00:00.000Z
SRH_PREGNANCY_UNINTENDED_RATE,Unintended pregnancy rate (model-estimated),numeric,AFR,Africa,Country,CMR,Cameroon,Year,2015-2019,true,Uncertainty interval,95% uncertainty,UNCERTAINTY_INTERVAL_UI95,,,,,,,,,,83.39,,,58,,135,83 [58-135],,,EN,2023-04-26T04:00:00.000Z
SRH_PREGNANCY_UNINTENDED_RATE,Unintended pregnancy rate (model-estimated),numeric,AFR,Africa,Country,CMR,Cameroon,Year,2015-2019,true,Uncertainty interval,80% uncertainty,UNCERTAINTY_INTERVAL_UI80,,,,,,,,,,83.39,,,66,,111,83 [66-111],,,EN,2023-04-26T04:00:00.000Z
SRH_PREGNANCY_UNINTENDED_RATE,Unintended pregnancy rate (model-estimated),numeric,AMR,Americas,Country,TTO,Trinidad and Tobago,Year,2015-2019,true,Uncertainty interval,95% uncertainty,UNCERTAINTY_INTERVAL_UI95,,,,,,,,,,83.92,,,53,,133,84 [53-133],,,EN,2023-04-26T04:00:00.000Z
SRH_PREGNANCY_UNINTENDED_RATE,Unintended pregnancy rate (model-estimated),numeric,AMR,Americas,Country,TTO,Trinidad and Tobago,Year,2015-2019,true,Uncertainty interval,80% uncertainty,UNCERTAINTY_INTERVAL_UI80,,,,,,,,,,83.92,,,62,,112,84 [62-112],,,EN,2023-04-26T04:00:00.000Z
SRH_PREGNANCY_UNINTENDED_RATE,Unintended pregnancy rate (model-estimated),numeric,AMR,Americas,Country,DOM,Dominican Republic,Year,2015-2019,true,Uncertainty interval,95% uncertainty,UNCERTAINTY_INTERVAL_UI95,,,,,,,,,,83.68,,,63,,114,84 [63-114],,,EN,2023-04-26T04:00:00.000Z
SRH_PREGNANCY_UNINTENDED_RATE,Unintended pregnancy rate (model-estimated),numeric,AMR,Americas,Country,DOM,Dominican Republic,Year,2015-2019,true,Uncertainty interval,80% uncertainty,UNCERTAINTY_INTERVAL_UI80,,,,,,,,,,83.68,,,69,,103,84 [69-103],,,EN,2023-04-26T04:00:00.000Z
SRH_PREGNANCY_UNINTENDED_RATE,Unintended pregnancy rate (model-estimated),numeric,WPR,Western Pacific,Country,VNM,Viet Nam,Year,2015-2019,true,Uncertainty interval,95% uncertainty,UNCERTAINTY_INTERVAL_UI95,,,,,,,,,,85.52,,,51,,142,86 [51-142],,,EN,2023-04-26T04:00:00.000Z
SRH_PREGNANCY_UNINTENDED_RATE,Unintended pregnancy rate (model-estimated),numeric,WPR,Western Pacific,Country,VNM,Viet Nam,Year,2015-2019,true,Uncertainty interval,80% uncertainty,UNCERTAINTY_INTERVAL_UI80,,,,,,,,,,85.52,,,61,,118,86 [61-118],,,EN,2023-04-26T04:00:00.000Z
SRH_PREGNANCY_UNINTENDED_RATE,Unintended pregnancy rate (model-estimated),numeric,AFR,Africa,Country,BEN,Benin,Year,2015-2019,true,Uncertainty interval,95% uncertainty,UNCERTAINTY_INTERVAL_UI95,,,,,,,,,,85.9,,,61,,128,86 [61-128],,,EN,2023-04-26T04:00:00.000Z
SRH_PREGNANCY_UNINTENDED_RATE,Unintended pregnancy rate (model-estimated),numeric,AFR,Africa,Country,BEN,Benin,Year,2015-2019,true,Uncertainty interval,80% uncertainty,UNCERTAINTY_INTERVAL_UI80,,,,,,,,,,85.9,,,69,,110,86 [69-110],,,EN,2023-04-26T04:00:00.000Z
SRH_PREGNANCY_UNINTENDED_RATE,Unintended pregnancy rate (model-estimated),numeric,WPR,Western Pacific,Country,VUT,Vanuatu,Year,2015-2019,true,Uncertainty interval,95% uncertainty,UNCERTAINTY_INTERVAL_UI95,,,,,,,,,,86.94,,,52,,157,87 [52-157],,,EN,2023-04-26T04:00:00.000Z
SRH_PREGNANCY_UNINTENDED_RATE,Unintended pregnancy rate (model-estimated),numeric,AMR,Americas,Country,JAM,Jamaica,Year,2015-2019,true,Uncertainty interval,95% uncertainty,UNCERTAINTY_INTERVAL_UI95,,,,,,,,,,86.95,,,60,,129,87 [60-129],,,EN,2023-04-26T04:00:00.000Z
SRH_PREGNANCY_UNINTENDED_RATE,Unintended pregnancy rate (model-estimated),numeric,WPR,Western Pacific,Country,VUT,Vanuatu,Year,2015-2019,true,Uncertainty interval,80% uncertainty,UNCERTAINTY_INTERVAL_UI80,,,,,,,,,,86.94,,,62,,128,87 [62-128],,,EN,2023-04-26T04:00:00.000Z
SRH_PREGNANCY_UNINTENDED_RATE,Unintended pregnancy rate (model-estimated),numeric,AMR,Americas,Country,JAM,Jamaica,Year,2015-2019,true,Uncertainty interval,80% uncertainty,UNCERTAINTY_INTERVAL_UI80,,,,,,,,,,86.95,,,68,,112,87 [68-112],,,EN,2023-04-26T04:00:00.000Z
SRH_PREGNANCY_UNINTENDED_RATE,Unintended pregnancy rate (model-estimated),numeric,AFR,Africa,Country,MOZ,Mozambique,Year,2015-2019,true,Uncertainty interval,95% uncertainty,UNCERTAINTY_INTERVAL_UI95,,,,,,,,,,88.16,,,59,,132,88 [59-132],,,EN,2023-04-26T04:00:00.000Z
SRH_PREGNANCY_UNINTENDED_RATE,Unintended pregnancy rate (model-estimated),numeric,AFR,Africa,Country,SLE,Sierra Leone,Year,2015-2019,true,Uncertainty interval,95% uncertainty,UNCERTAINTY_INTERVAL_UI95,,,,,,,,,,88.23,,,59,,147,88 [59-147],,,EN,2023-04-26T04:00:00.000Z
SRH_PREGNANCY_UNINTENDED_RATE,Unintended pregnancy rate (model-estimated),numeric,AFR,Africa,Country,SLE,Sierra Leone,Year,2015-2019,true,Uncertainty interval,80% uncertainty,UNCERTAINTY_INTERVAL_UI80,,,,,,,,,,88.23,,,67,,122,88 [67-122],,,EN,2023-04-26T04:00:00.000Z
SRH_PREGNANCY_UNINTENDED_RATE,Unintended pregnancy rate (model-estimated),numeric,AFR,Africa,Country,MOZ,Mozambique,Year,2015-2019,true,Uncertainty interval,80% uncertainty,UNCERTAINTY_INTERVAL_UI80,,,,,,,,,,88.16,,,68,,114,88 [68-114],,,EN,2023-04-26T04:00:00.000Z
SRH_PREGNANCY_UNINTENDED_RATE,Unintended pregnancy rate (model-estimated),numeric,AFR,Africa,Country,CAF,Central African Republic,Year,2015-2019,true,Uncertainty interval,95% uncertainty,UNCERTAINTY_INTERVAL_UI95,,,,,,,,,,90.24,,,63,,147,90 [63-147],,,EN,2023-04-26T04:00:00.000Z
SRH_PREGNANCY_UNINTENDED_RATE,Unintended pregnancy rate (model-estimated),numeric,AMR,Americas,Country,PER,Peru,Year,2015-2019,true,Uncertainty interval,95% uncertainty,UNCERTAINTY_INTERVAL_UI95,,,,,,,,,,89.53,,,67,,120,90 [67-120],,,EN,2023-04-26T04:00:00.000Z
SRH_PREGNANCY_UNINTENDED_RATE,Unintended pregnancy rate (model-estimated),numeric,AFR,Africa,Country,CAF,Central African Republic,Year,2015-2019,true,Uncertainty interval,80% uncertainty,UNCERTAINTY_INTERVAL_UI80,,,,,,,,,,90.24,,,71,,122,90 [71-122],,,EN,2023-04-26T04:00:00.000Z
SRH_PREGNANCY_UNINTENDED_RATE,Unintended pregnancy rate (model-estimated),numeric,AMR,Americas,Country,PER,Peru,Year,2015-2019,true,Uncertainty interval,80% uncertainty,UNCERTAINTY_INTERVAL_UI80,,,,,,,,,,89.53,,,74,,108,90 [74-108],,,EN,2023-04-26T04:00:00.000Z
SRH_PREGNANCY_UNINTENDED_RATE,Unintended pregnancy rate (model-estimated),numeric,EUR,Europe,Country,AZE,Azerbaijan,Year,2015-2019,true,Uncertainty interval,95% uncertainty,UNCERTAINTY_INTERVAL_UI95,,,,,,,,,,92.87,,,57,,150,93 [57-150],,,EN,2023-04-26T04:00:00.000Z
SRH_PREGNANCY_UNINTENDED_RATE,Unintended pregnancy rate (model-estimated),numeric,EUR,Europe,Country,AZE,Azerbaijan,Year,2015-2019,true,Uncertainty interval,80% uncertainty,UNCERTAINTY_INTERVAL_UI80,,,,,,,,,,92.87,,,67,,128,93 [67-128],,,EN,2023-04-26T04:00:00.000Z
SRH_PREGNANCY_UNINTENDED_RATE,Unintended pregnancy rate (model-estimated),numeric,EUR,Europe,Country,GEO,Georgia,Year,2015-2019,true,Uncertainty interval,95% uncertainty,UNCERTAINTY_INTERVAL_UI95,,,,,,,,,,93.59,,,55,,153,94 [55-153],,,EN,2023-04-26T04:00:00.000Z
SRH_PREGNANCY_UNINTENDED_RATE,Unintended pregnancy rate (model-estimated),numeric,EUR,Europe,Country,GEO,Georgia,Year,2015-2019,true,Uncertainty interval,80% uncertainty,UNCERTAINTY_INTERVAL_UI80,,,,,,,,,,93.59,,,66,,131,94 [66-131],,,EN,2023-04-26T04:00:00.000Z
SRH_PREGNANCY_UNINTENDED_RATE,Unintended pregnancy rate (model-estimated),numeric,AFR,Africa,Country,MDG,Madagascar,Year,2015-2019,true,Uncertainty interval,95% uncertainty,UNCERTAINTY_INTERVAL_UI95,,,,,,,,,,94.83,,,54,,146,95 [54-146],,,EN,2023-04-26T04:00:00.000Z
SRH_PREGNANCY_UNINTENDED_RATE,Unintended pregnancy rate (model-estimated),numeric,AFR,Africa,Country,MDG,Madagascar,Year,2015-2019,true,Uncertainty interval,80% uncertainty,UNCERTAINTY_INTERVAL_UI80,,,,,,,,,,94.83,,,66,,128,95 [66-128],,,EN,2023-04-26T04:00:00.000Z
SRH_PREGNANCY_UNINTENDED_RATE,Unintended pregnancy rate (model-estimated),numeric,AFR,Africa,Country,COM,Comoros,Year,2015-2019,true,Uncertainty interval,95% uncertainty,UNCERTAINTY_INTERVAL_UI95,,,,,,,,,,95.22,,,69,,137,95 [69-137],,,EN,2023-04-26T04:00:00.000Z
SRH_PREGNANCY_UNINTENDED_RATE,Unintended pregnancy rate (model-estimated),numeric,AFR,Africa,Country,COM,Comoros,Year,2015-2019,true,Uncertainty interval,80% uncertainty,UNCERTAINTY_INTERVAL_UI80,,,,,,,,,,95.22,,,77,,118,95 [77-118],,,EN,2023-04-26T04:00:00.000Z
SRH_PREGNANCY_UNINTENDED_RATE,Unintended pregnancy rate (model-estimated),numeric,AFR,Africa,Country,CIV,Cote d'Ivoire,Year,2015-2019,true,Uncertainty interval,95% uncertainty,UNCERTAINTY_INTERVAL_UI95,,,,,,,,,,96.38,,,69,,150,96 [69-150],,,EN,2023-04-26T04:00:00.000Z
SRH_PREGNANCY_UNINTENDED_RATE,Unintended pregnancy rate (model-estimated),numeric,AFR,Africa,Country,CIV,Cote d'Ivoire,Year,2015-2019,true,Uncertainty interval,80% uncertainty,UNCERTAINTY_INTERVAL_UI80,,,,,,,,,,96.38,,,77,,126,96 [77-126],,,EN,2023-04-26T04:00:00.000Z
SRH_PREGNANCY_UNINTENDED_RATE,Unintended pregnancy rate (model-estimated),numeric,AFR,Africa,Country,BWA,Botswana,Year,2015-2019,true,Uncertainty interval,95% uncertainty,UNCERTAINTY_INTERVAL_UI95,,,,,,,,,,96.77,,,66,,148,97 [66-148],,,EN,2023-04-26T04:00:00.000Z
SRH_PREGNANCY_UNINTENDED_RATE,Unintended pregnancy rate (model-estimated),numeric,AFR,Africa,Country,BWA,Botswana,Year,2015-2019,true,Uncertainty interval,80% uncertainty,UNCERTAINTY_INTERVAL_UI80,,,,,,,,,,96.77,,,76,,125,97 [76-125],,,EN,2023-04-26T04:00:00.000Z
SRH_PREGNANCY_UNINTENDED_RATE,Unintended pregnancy rate (model-estimated),numeric,AFR,Africa,Country,BDI,Burundi,Year,2015-2019,true,Uncertainty interval,95% uncertainty,UNCERTAINTY_INTERVAL_UI95,,,,,,,,,,98.08,,,75,,134,98 [75-134],,,EN,2023-04-26T04:00:00.000Z
SRH_PREGNANCY_UNINTENDED_RATE,Unintended pregnancy rate (model-estimated),numeric,AFR,Africa,Country,RWA,Rwanda,Year,2015-2019,true,Uncertainty interval,95% uncertainty,UNCERTAINTY_INTERVAL_UI95,,,,,,,,,,97.56,,,81,,116,98 [81-116],,,EN,2023-04-26T04:00:00.000Z
SRH_PREGNANCY_UNINTENDED_RATE,Unintended pregnancy rate (model-estimated),numeric,AFR,Africa,Country,BDI,Burundi,Year,2015-2019,true,Uncertainty interval,80% uncertainty,UNCERTAINTY_INTERVAL_UI80,,,,,,,,,,98.08,,,82,,119,98 [82-119],,,EN,2023-04-26T04:00:00.000Z
SRH_PREGNANCY_UNINTENDED_RATE,Unintended pregnancy rate (model-estimated),numeric,AFR,Africa,Country,RWA,Rwanda,Year,2015-2019,true,Uncertainty interval,80% uncertainty,UNCERTAINTY_INTERVAL_UI80,,,,,,,,,,97.56,,,86,,110,98 [86-110],,,EN,2023-04-26T04:00:00.000Z
SRH_PREGNANCY_UNINTENDED_RATE,Unintended pregnancy rate (model-estimated),numeric,AFR,Africa,Country,GNB,Guinea-Bissau,Year,2015-2019,true,Uncertainty interval,95% uncertainty,UNCERTAINTY_INTERVAL_UI95,,,,,,,,,,99.49,,,59,,184,99 [59-184],,,EN,2023-04-26T04:00:00.000Z
SRH_PREGNANCY_UNINTENDED_RATE,Unintended pregnancy rate (model-estimated),numeric,AFR,Africa,Country,GNB,Guinea-Bissau,Year,2015-2019,true,Uncertainty interval,80% uncertainty,UNCERTAINTY_INTERVAL_UI80,,,,,,,,,,99.49,,,70,,148,99 [70-148],,,EN,2023-04-26T04:00:00.000Z
SRH_PREGNANCY_UNINTENDED_RATE,Unintended pregnancy rate (model-estimated),numeric,AFR,Africa,Country,LSO,Lesotho,Year,2015-2019,true,Uncertainty interval,95% uncertainty,UNCERTAINTY_INTERVAL_UI95,,,,,,,,,,98.94,,,77,,141,99 [77-141],,,EN,2023-04-26T04:00:00.000Z
SRH_PREGNANCY_UNINTENDED_RATE,Unintended pregnancy rate (model-estimated),numeric,AFR,Africa,Country,LSO,Lesotho,Year,2015-2019,true,Uncertainty interval,80% uncertainty,UNCERTAINTY_INTERVAL_UI80,,,,,,,,,,98.94,,,83,,123,99 [83-123],,,EN,2023-04-26T04:00:00.000Z
